{
  "input": "0603CT_3N0.s2p",
  "Sij": "S11",
  "Z0": 50.0,
  "train_points": 784,
  "test_points": 196,
  "baseline": {
    "model": "RLC series -> \u0393",
    "R": 76.70588235294117,
    "L": 4.720000000000001e-09,
    "C": 5e-12,
    "train_MSE": 0.5766607936687375,
    "test_MSE": 0.5790765405881361
  },
  "ufrf_prior": {
    "R": 71.22689075630252,
    "L": 4.3828571428571434e-09,
    "C": 7.5e-12,
    "a": 0.2,
    "phi": 3.141592653589793,
    "train_MSE": 0.5376123870662738,
    "test_MSE": 0.540007510044909,
    "improvement_percent": 6.746781781825736
  }
}