Model,MSE_complex
Baseline (test),0.6015002323676151
UFRF prior (test),0.5668282030073933
