{
  "input": "0603CT_2N2.s2p",
  "Sij": "S22",
  "Z0": 50.0,
  "train_points": 787,
  "test_points": 196,
  "baseline": {
    "model": "RLC series -> \u0393",
    "R": 76.70588235294117,
    "L": 4.0600000000000005e-09,
    "C": 5e-12,
    "train_MSE": 0.5736039948228595,
    "test_MSE": 0.6015002323676151
  },
  "ufrf_prior": {
    "R": 71.22689075630252,
    "L": 3.77e-09,
    "C": 7.5e-12,
    "a": 0.2,
    "phi": 3.7699111843077517,
    "train_MSE": 0.5334810275540649,
    "test_MSE": 0.5668282030073933,
    "improvement_percent": 5.764258680956162
  }
}