Model,MSE_complex
Baseline (test),0.013230860571403168
UFRF prior (test),0.013244418523052229
