Model,MSE_complex
Baseline (test),0.2968832682587919
UFRF prior (test),0.2356075022387529
