Model,MSE_complex
Baseline (test),0.38214979795549603
UFRF prior (test),0.28548431124121876
