Model,MSE_complex
Baseline (test),0.48612627646215695
UFRF prior (test),0.4784927465998734
