{
  "input": "04AF331.s2p",
  "Sij": "S11",
  "Z0": 50.0,
  "train_points": 281,
  "test_points": 71,
  "baseline": {
    "model": "RLC series -> \u0393",
    "R": 100.0,
    "L": 1e-10,
    "C": 2e-13,
    "train_MSE": 0.48395299909285117,
    "test_MSE": 0.48612627646215695
  },
  "ufrf_prior": {
    "R": 150.0,
    "L": 5e-11,
    "C": 1e-13,
    "a": 0.08,
    "phi": 3.141592653589793,
    "train_MSE": 0.47647747675806196,
    "test_MSE": 0.4784927465998734,
    "improvement_percent": 1.570277154700933
  }
}