Model,MSE_complex
Baseline (test),0.6967482341522508
UFRF prior (test),0.6767012283028165
