Model,MSE_complex
Baseline (test),0.0038323482780547565
UFRF prior (test),0.0038478691978688613
