Model,MSE_complex
Baseline (test),0.5879422112351314
UFRF prior (test),0.5605857297720727
