{
  "input": "0603CT_3N0.s2p",
  "Sij": "S22",
  "Z0": 50.0,
  "train_points": 784,
  "test_points": 196,
  "baseline": {
    "model": "RLC series -> \u0393",
    "R": 82.52941176470588,
    "L": 5.380000000000001e-09,
    "C": 5e-12,
    "train_MSE": 0.5746203123931685,
    "test_MSE": 0.5879422112351314
  },
  "ufrf_prior": {
    "R": 76.6344537815126,
    "L": 4.995714285714287e-09,
    "C": 7.5e-12,
    "a": 0.2,
    "phi": 5.026548245743669,
    "train_MSE": 0.5327820399262148,
    "test_MSE": 0.5605857297720727,
    "improvement_percent": 4.65292012383139
  }
}