Model,MSE_complex
Baseline (test),0.5680033046121591
UFRF prior (test),0.5518428489400756
