{
  "input": "04AF141.s2p",
  "Sij": "S11",
  "Z0": 50.0,
  "train_points": 151,
  "test_points": 38,
  "baseline": {
    "model": "RLC series -> \u0393",
    "R": 100.0,
    "L": 1e-10,
    "C": 2e-13,
    "train_MSE": 0.5600921728259903,
    "test_MSE": 0.5680033046121591
  },
  "ufrf_prior": {
    "R": 150.0,
    "L": 5e-11,
    "C": 1e-13,
    "a": 0.08,
    "phi": 2.5132741228718345,
    "train_MSE": 0.5428898549726474,
    "test_MSE": 0.5518428489400756,
    "improvement_percent": 2.8451340935627227
  }
}