{
  "input": "0603CT_2N2.s2p",
  "Sij": "S12",
  "Z0": 50.0,
  "train_points": 787,
  "test_points": 196,
  "baseline": {
    "model": "delay+poly_complex_logf(deg=3)",
    "tau": 4.735257434442733e-12,
    "phi0": 0.08912646182107395,
    "train_MSE": 0.01043452840000884,
    "test_MSE": 0.00998205927472218
  },
  "train_improvement_percent": 0.744653325065766,
  "gate_threshold_percent": 2.0,
  "gated": false
}