{
  "input": "0603CT_4N7.s2p",
  "Sij": "S22",
  "Z0": 50.0,
  "train_points": 775,
  "test_points": 193,
  "baseline": {
    "model": "RLC series -> \u0393",
    "R": 88.35294117647058,
    "L": 8.68e-09,
    "C": 5e-12,
    "train_MSE": 0.5806022310862076,
    "test_MSE": 0.5774426415356381
  },
  "ufrf_prior": {
    "R": 82.04201680672267,
    "L": 8.06e-09,
    "C": 7.5e-12,
    "a": 0.2,
    "phi": 3.7699111843077517,
    "train_MSE": 0.5406113962548734,
    "test_MSE": 0.5457340471722877,
    "improvement_percent": 5.491211088780222
  }
}