Model,MSE_complex
Baseline (test),0.4776298355000122
UFRF prior (test),0.3669756796248863
