{
  "input": "LQP15MN1N8W02_series.s2p",
  "Sij": "S11",
  "Z0": 50.0,
  "train_points": 321,
  "test_points": 80,
  "baseline": {
    "model": "RLC series -> \u0393",
    "R": 70.88235294117646,
    "L": 2.0800000000000003e-09,
    "C": 5e-12,
    "train_MSE": 0.2952754953468298,
    "test_MSE": 0.2926841618643877
  },
  "ufrf_prior": {
    "R": 65.81932773109243,
    "L": 1.9314285714285718e-09,
    "C": 7.5e-12,
    "a": 0.2,
    "phi": 3.7699111843077517,
    "train_MSE": 0.2321095959025867,
    "test_MSE": 0.23714947595416258,
    "improvement_percent": 18.9742709535327
  }
}