{
  "input": "LQP15MN3N9W02_series.s2p",
  "Sij": "S11",
  "Z0": 50.0,
  "train_points": 321,
  "test_points": 80,
  "baseline": {
    "model": "RLC series -> \u0393",
    "R": 82.52941176470588,
    "L": 7.360000000000001e-09,
    "C": 5e-12,
    "train_MSE": 0.30412480988362817,
    "test_MSE": 0.31547522099248637
  },
  "ufrf_prior": {
    "R": 76.6344537815126,
    "L": 6.8342857142857155e-09,
    "C": 7.5e-12,
    "a": 0.2,
    "phi": 3.7699111843077517,
    "train_MSE": 0.24562555353050272,
    "test_MSE": 0.26296675191629015,
    "improvement_percent": 16.64424512042637
  }
}