{
  "input": "NFZ32BW621HZ10_series.s2p",
  "Sij": "S21",
  "split": "block",
  "test_points": 80,
  "deg": 3,
  "ridge": 0.001,
  "n_cycles": 13,
  "gate": 0.02,
  "Z0": 50.0,
  "baseline_test_MSE": 0.14260597768108335,
  "ufrf_test_MSE": 0.14260597768108335,
  "improvement_percent": 0.0,
  "train_gain_used": 0.005796235296646492,
  "used_ufrf": false,
  "tau_est": -5.598318656017981e-10,
  "phi0_est": -0.20050588231172456
}