Model,MSE_complex
Baseline (test),0.00522681445959821
UFRF prior (test),0.00521826250513833
