{
  "input": "RDEC71H106K3M1H03A_DC0V_25degC_series.s2p",
  "Sij": "S12",
  "Z0": 50.0,
  "train_points": 321,
  "test_points": 80,
  "baseline": {
    "model": "delay+poly_complex_logf(deg=3)",
    "tau": 4.473712885921475e-10,
    "phi0": -0.12059979095170353,
    "train_MSE": 0.00423759126907976,
    "test_MSE": 0.005561090243514722
  },
  "train_improvement_percent": 0.37658232196229896,
  "gate_threshold_percent": 2.0,
  "gated": false
}