Model,MSE_complex
Baseline (test),0.3018052796252033
UFRF prior (test),0.24886245464295964
