{
  "input": "NFZ32BW881HN10_series.s2p",
  "Sij": "S21",
  "split": "block",
  "test_points": 80,
  "deg": 3,
  "ridge": 0.001,
  "n_cycles": 13,
  "gate": 0.02,
  "Z0": 50.0,
  "baseline_test_MSE": 0.44201765916468255,
  "ufrf_test_MSE": 0.44201765916468255,
  "improvement_percent": 0.0,
  "train_gain_used": 0.0024218351954059716,
  "used_ufrf": false,
  "tau_est": -4.010129651964098e-10,
  "phi0_est": 0.17052699894994092
}