{
  "input": "LQP15MN1N0W02_series.s2p",
  "Sij": "S12",
  "Z0": 50.0,
  "train_points": 321,
  "test_points": 80,
  "baseline": {
    "model": "delay+poly_complex_logf(deg=3)",
    "tau": 5.602433882512128e-12,
    "phi0": 0.00461109144869401,
    "train_MSE": 0.00012135089797534409,
    "test_MSE": 0.00014875368245022324
  },
  "train_improvement_percent": 0.2626213848610013,
  "gate_threshold_percent": 2.0,
  "gated": false
}