{
  "P1_bootstrap": {
    "test": "P1_phi_clustering",
    "n_events": 104,
    "n_bootstrap": 10000,
    "observed_fraction": 0.5865384615384616,
    "observed_pval": 6.959557808870112e-12,
    "null_mean": 0.26708365384615385,
    "null_std": 0.04307782140847301,
    "null_median": 0.2692307692307692,
    "null_95ci": [
      0.18269230769230768,
      0.3557692307692308
    ],
    "bootstrap_pval": 0.0,
    "z_score": 7.415760529372405
  },
  "P3_permutation": {
    "test": "P3_13gate_clustering",
    "n_events": 102,
    "n_permutations": 10000,
    "tolerance_rad": 0.12083048667653051,
    "observed_fraction": 1.0,
    "observed_pval": 1.9721522630525295e-31,
    "null_mean": 0.5000343137254903,
    "null_std": 0.04966272999230259,
    "null_median": 0.5,
    "null_95ci": [
      0.4019607843137255,
      0.5980392156862745
    ],
    "permutation_pval": 0.0,
    "z_score": 10.06722116065712
  }
}