{
  "0.25x": {
    "tolerance_factor": 0.25,
    "tolerance_fraction": 0.004807692307692308,
    "tolerance_radians": 0.030207621669132628,
    "gate_enrichment": {
      "n": 102,
      "hits": 102,
      "frac": 1.0,
      "p0": 0.125,
      "pval": 7.670458539527698e-93,
      "tol": 0.030207621669132628
    },
    "rayleigh": {
      "R": 5.483045984523231,
      "Rbar": 0.05375535278944344,
      "n": 102,
      "p": 0.7447229036057249
    }
  },
  "0.5x": {
    "tolerance_factor": 0.5,
    "tolerance_fraction": 0.009615384615384616,
    "tolerance_radians": 0.060415243338265257,
    "gate_enrichment": {
      "n": 102,
      "hits": 102,
      "frac": 1.0,
      "p0": 0.25,
      "pval": 3.8893845486632136e-62,
      "tol": 0.060415243338265257
    },
    "rayleigh": {
      "R": 5.483045984523231,
      "Rbar": 0.05375535278944344,
      "n": 102,
      "p": 0.7447229036057249
    }
  },
  "0.75x": {
    "tolerance_factor": 0.75,
    "tolerance_fraction": 0.014423076923076924,
    "tolerance_radians": 0.09062286500739788,
    "gate_enrichment": {
      "n": 102,
      "hits": 102,
      "frac": 1.0,
      "p0": 0.375,
      "pval": 3.5578637144815223e-44,
      "tol": 0.09062286500739788
    },
    "rayleigh": {
      "R": 5.483045984523231,
      "Rbar": 0.05375535278944344,
      "n": 102,
      "p": 0.7447229036057249
    }
  },
  "1.0x": {
    "tolerance_factor": 1.0,
    "tolerance_fraction": 0.019230769230769232,
    "tolerance_radians": 0.12083048667653051,
    "gate_enrichment": {
      "n": 102,
      "hits": 102,
      "frac": 1.0,
      "p0": 0.5,
      "pval": 1.9721522630525295e-31,
      "tol": 0.12083048667653051
    },
    "rayleigh": {
      "R": 5.483045984523231,
      "Rbar": 0.05375535278944344,
      "n": 102,
      "p": 0.7447229036057249
    }
  },
  "1.25x": {
    "tolerance_factor": 1.25,
    "tolerance_fraction": 0.02403846153846154,
    "tolerance_radians": 0.15103810834566314,
    "gate_enrichment": {
      "n": 102,
      "hits": 102,
      "frac": 1.0,
      "p0": 0.6250000000000001,
      "pval": 1.5127312167380424e-21,
      "tol": 0.15103810834566314
    },
    "rayleigh": {
      "R": 5.483045984523231,
      "Rbar": 0.05375535278944344,
      "n": 102,
      "p": 0.7447229036057249
    }
  },
  "1.5x": {
    "tolerance_factor": 1.5,
    "tolerance_fraction": 0.028846153846153848,
    "tolerance_radians": 0.18124573001479577,
    "gate_enrichment": {
      "n": 102,
      "hits": 102,
      "frac": 1.0,
      "p0": 0.75,
      "pval": 1.8040512292770958e-13,
      "tol": 0.18124573001479577
    },
    "rayleigh": {
      "R": 5.483045984523231,
      "Rbar": 0.05375535278944344,
      "n": 102,
      "p": 0.7447229036057249
    }
  },
  "1.75x": {
    "tolerance_factor": 1.75,
    "tolerance_fraction": 0.03365384615384616,
    "tolerance_radians": 0.2114533516839284,
    "gate_enrichment": {
      "n": 102,
      "hits": 102,
      "frac": 1.0,
      "p0": 0.875,
      "pval": 1.2156859802434953e-06,
      "tol": 0.2114533516839284
    },
    "rayleigh": {
      "R": 5.483045984523231,
      "Rbar": 0.05375535278944344,
      "n": 102,
      "p": 0.7447229036057249
    }
  }
}