{
  "discrete_fibonacci_ratios": {
    "n_ratios": 88,
    "values": [
      0.047619047619047616,
      0.05454545454545454,
      0.05555555555555555,
      0.05570291777188329,
      0.05572441742654509,
      0.05572755417956656,
      0.055728294666347766,
      0.05572949279899812,
      0.05573770491803279,
      0.055793991416309016,
      0.056179775280898875,
      0.058823529411764705,
      0.07692307692307693,
      0.08823529411764706,
      0.0898876404494382,
      0.09012875536480687,
      0.09016393442622951,
      0.09016906700062617,
      0.09016981583353265,
      0.0901702786377709,
      0.09017223910840932,
      0.09018567639257294,
      0.09027777777777778,
      0.09090909090909091,
      0.09523809523809523,
      0.125,
      0.14285714285714285,
      0.14545454545454545,
      0.14583333333333334,
      0.14588859416445624,
      0.1458966565349544,
      0.14589783281733745,
      0.1458981104998804,
      0.1458985597996243,
      0.14590163934426228,
      0.1459227467811159,
      0.14606741573033707,
      0.14705882352941177,
      0.15384615384615385,
      0.2,
      0.23076923076923078,
      0.23529411764705882,
      0.23595505617977527,
      0.23605150214592274,
      0.2360655737704918,
      0.23606762680025048,
      0.23606792633341306,
      0.23606811145510836,
      0.23606889564336372,
      0.23607427055702918,
      0.2361111111111111,
      0.23636363636363636,
      0.23809523809523808,
      0.25,
      0.3333333333333333,
      0.375,
      0.38095238095238093,
      0.38181818181818183,
      0.3819444444444444,
      0.3819628647214854,
      0.3819655521783181,
      0.38196594427244585,
      0.38196603683329344,
      0.38196618659987475,
      0.3819672131147541,
      0.38197424892703863,
      0.38202247191011235,
      0.38235294117647056,
      0.38461538461538464,
      0.4,
      0.5,
      0.6,
      0.6153846153846154,
      0.6176470588235294,
      0.6179775280898876,
      0.6180257510729614,
      0.6180327868852459,
      0.6180338134001252,
      0.6180339631667066,
      0.6180339887498948,
      0.6180340557275542,
      0.6180344478216818,
      0.6180371352785146,
      0.6180555555555556,
      0.6181818181818182,
      0.6190476190476191,
      0.625,
      0.6666666666666666
    ]
  },
  "stratified_analysis": {
    "by_run": {
      "O1": {
        "n_events": 3,
        "hits": 2,
        "frac": 0.6666666666666666,
        "pval": 0.1754074074074074
      },
      "O2": {
        "n_events": 7,
        "hits": 4,
        "frac": 0.5714285714285714,
        "pval": 0.08696929858253316
      },
      "O3a": {
        "n_events": 31,
        "hits": 16,
        "frac": 0.5161290322580645,
        "pval": 0.0026999402909612473
      }
    },
    "pooled": {
      "total_events": 41,
      "total_hits": 22,
      "pooled_frac": 0.5365853658536586,
      "pooled_pval": 0.00022350098805063907
    }
  },
  "sensitivity_grid": {
    "delta_0.030": {
      "delta": 0.03,
      "hits": 17,
      "frac": 0.4146341463414634,
      "p0": 0.18666666666666676,
      "pval": 0.0006125198504860019
    },
    "delta_0.040": {
      "delta": 0.04,
      "hits": 21,
      "frac": 0.5121951219512195,
      "p0": 0.22666666666666674,
      "pval": 6.170439372045289e-05
    },
    "delta_0.050": {
      "delta": 0.05,
      "hits": 22,
      "frac": 0.5365853658536586,
      "p0": 0.26666666666666666,
      "pval": 0.00022350098805063907
    },
    "delta_0.060": {
      "delta": 0.06,
      "hits": 22,
      "frac": 0.5365853658536586,
      "p0": 0.28666666666666657,
      "pval": 0.0006763261986716298
    },
    "delta_0.070": {
      "delta": 0.07,
      "hits": 22,
      "frac": 0.5365853658536586,
      "p0": 0.3066666666666666,
      "pval": 0.0018177979121541642
    },
    "delta_0.080": {
      "delta": 0.08,
      "hits": 23,
      "frac": 0.5609756097560976,
      "p0": 0.3266666666666666,
      "pval": 0.0016730524026520252
    }
  },
  "normalization": {
    "q_min": 0.1120689655172413,
    "q_max": 0.8909090909090909,
    "all_valid": true,
    "n_events": 41
  }
}