{
  "rayleigh": {
    "R": 3.6238810684823988,
    "Rbar": 0.044739272450399985,
    "n": 81,
    "p": 0.8503308223518181
  },
  "gate_enrichment": {
    "n": 81,
    "hits": 81,
    "frac": 1.0,
    "p0": 0.5,
    "pval": 4.1359030627651384e-25,
    "tol": 0.12083048667653051
  }
}