{
  "input": "RCER71E335K2M1H03A_DC0V_25degC_series.s2p",
  "Sij": "S21",
  "split": "block",
  "test_points": 80,
  "deg": 3,
  "ridge": 0.001,
  "n_cycles": 13,
  "gate": 0.02,
  "Z0": 50.0,
  "baseline_test_MSE": 2.357016161241295,
  "ufrf_test_MSE": 2.357016161241295,
  "improvement_percent": 0.0,
  "train_gain_used": 0.006445137073476978,
  "used_ufrf": false,
  "tau_est": 9.61000864387044e-09,
  "phi0_est": 0.19327193764103298
}