Model,MSE_complex
Baseline (test),0.30561646051146424
UFRF prior (test),0.24310754607321883
