Model,MSE_complex
Baseline (test),0.6852400034052876
UFRF prior (test),0.6407261825660138
