{
  "input": "BLE18PS080SZ1_series.s2p",
  "Sij": "S22",
  "Z0": 50.0,
  "train_points": 321,
  "test_points": 80,
  "baseline": {
    "model": "RLC series -> \u0393",
    "R": 100.0,
    "L": 4.0600000000000005e-09,
    "C": 5e-12,
    "train_MSE": 0.6665849054202697,
    "test_MSE": 0.6852400034052876
  },
  "ufrf_prior": {
    "R": 107.14285714285714,
    "L": 3.77e-09,
    "C": 7.5e-12,
    "a": 0.2,
    "phi": 0.6283185307179586,
    "train_MSE": 0.6271833769141555,
    "test_MSE": 0.6407261825660138,
    "improvement_percent": 6.49609197041375
  }
}