Model,MSE_complex
Baseline (test),0.013088451515574548
UFRF prior (test),0.013226881089926725
