composite_id,left_id,right_id,u1,u2,u12,delta,cosine,oppose_overlap
C_K_7_1__K_7_1_mirror,K_7_1,K_7_1_mirror,188,329,505,-12,0.9009522436007842,12
C_K_3_1__K_7_1,K_3_1,K_7_1,42,188,228,-2,0.5739108428163744,2
C_K_3_1_mirror__K_7_1_mirror,K_3_1_mirror,K_7_1_mirror,42,329,355,-16,0.40143226251093733,16
C_K_4_1__K_7_1,K_4_1,K_7_1,140,188,254,-74,-0.49992759863286096,74
C_K_4_1_mirror__K_7_1_mirror,K_4_1_mirror,K_7_1_mirror,74,329,358,-45,-0.044038994041173056,45
C_K_5_1__K_7_1,K_5_1,K_7_1,207,188,354,-41,0.30572493261176625,41
C_K_5_1_mirror__K_7_1_mirror,K_5_1_mirror,K_7_1_mirror,101,329,378,-52,-0.15081634562030352,52
C_K_5_2__K_7_1,K_5_2,K_7_1,159,188,265,-82,-0.5116603816054669,82
C_K_5_2_mirror__K_7_1_mirror,K_5_2_mirror,K_7_1_mirror,215,329,518,-26,0.49108864815973885,26
