Model,MSE_complex
Baseline (test),0.07704935226990886
UFRF prior (test),0.07690924146219055
