Model,MSE_complex
Baseline (test),0.6731457270227849
UFRF prior (test),0.6673971031429834
