{
  "input": "04AF101.s2p",
  "Sij": "S11",
  "Z0": 50.0,
  "train_points": 121,
  "test_points": 30,
  "baseline": {
    "model": "RLC series -> \u0393",
    "R": 100.0,
    "L": 1e-10,
    "C": 2e-13,
    "train_MSE": 0.7426395894306204,
    "test_MSE": 0.6731457270227849
  },
  "ufrf_prior": {
    "R": 150.0,
    "L": 5e-11,
    "C": 1e-13,
    "a": 0.16,
    "phi": 3.141592653589793,
    "train_MSE": 0.7378899732357378,
    "test_MSE": 0.6673971031429834,
    "improvement_percent": 0.8539939643124083
  }
}