{
  "input": "LQG15HH1N2S02_series.s2p",
  "Sij": "S21",
  "split": "block",
  "test_points": 80,
  "deg": 3,
  "ridge": 0.001,
  "n_cycles": 13,
  "gate": 0.02,
  "Z0": 50.0,
  "baseline_test_MSE": 0.925277302809514,
  "ufrf_test_MSE": 0.925277302809514,
  "improvement_percent": 0.0,
  "train_gain_used": 0.008053453036552534,
  "used_ufrf": false,
  "tau_est": 1.585073769171708e-11,
  "phi0_est": 0.006758044319501333
}