{
  "input": "04AF301.s2p",
  "Sij": "S12",
  "Z0": 50.0,
  "train_points": 152,
  "test_points": 37,
  "baseline": {
    "model": "delay+poly_complex_logf(deg=3)",
    "tau": -2.2850196038613738e-11,
    "phi0": 0.5525524522012999,
    "train_MSE": 0.009381896297308763,
    "test_MSE": 0.009643462427435117
  },
  "train_improvement_percent": 0.3403721217123205,
  "gate_threshold_percent": 2.0,
  "gated": false
}