Model,MSE_complex
Baseline (test),0.005434856263368691
UFRF prior (test),0.005441086539634097
