{
  "input": "BLE18PS080SH1_series.s2p",
  "Sij": "S21",
  "split": "block",
  "test_points": 80,
  "deg": 3,
  "ridge": 0.001,
  "n_cycles": 13,
  "gate": 0.02,
  "Z0": 50.0,
  "baseline_test_MSE": 0.1017809739670357,
  "ufrf_test_MSE": 0.1017809739670357,
  "improvement_percent": 0.0,
  "train_gain_used": 0.0023536220364702527,
  "used_ufrf": false,
  "tau_est": 4.847937412139889e-11,
  "phi0_est": -0.018268557872304258
}