Model,MSE_complex
Baseline (test),0.010636867960759157
UFRF prior (test),0.010732678455937257
