{
  "input": "LQP15MN8N2B02_series.s2p",
  "Sij": "S12",
  "Z0": 50.0,
  "train_points": 321,
  "test_points": 80,
  "baseline": {
    "model": "delay+poly_complex_logf(deg=3)",
    "tau": -1.4068646707791664e-11,
    "phi0": 0.4404711759913655,
    "train_MSE": 0.03243589066037587,
    "test_MSE": 0.03656759910703264
  },
  "train_improvement_percent": 0.2983941744864072,
  "gate_threshold_percent": 2.0,
  "gated": false
}