Model,MSE_complex
Baseline (test),0.009696269946760368
UFRF prior (test),0.009717590580038392
