Model,MSE_complex
Baseline (test),0.009524374292045251
UFRF prior (test),0.009622886338443357
