{
  "input": "NFZ5BBW2R9LZ10_series.s2p",
  "Sij": "S21",
  "split": "block",
  "test_points": 80,
  "deg": 3,
  "ridge": 0.001,
  "n_cycles": 13,
  "gate": 0.02,
  "Z0": 50.0,
  "baseline_test_MSE": 0.017983172662378005,
  "ufrf_test_MSE": 0.017983172662378005,
  "improvement_percent": 0.0,
  "train_gain_used": 0.003139396836473693,
  "used_ufrf": false,
  "tau_est": 2.1901835595748893e-10,
  "phi0_est": -0.2744261609962633
}