{
  "input": "LQP15MN1N2W02_series.s2p",
  "Sij": "S21",
  "split": "block",
  "test_points": 80,
  "deg": 3,
  "ridge": 0.001,
  "n_cycles": 13,
  "gate": 0.02,
  "Z0": 50.0,
  "baseline_test_MSE": 0.8654609729052887,
  "ufrf_test_MSE": 0.8654609729052887,
  "improvement_percent": 0.0,
  "train_gain_used": 0.0038731543445592537,
  "used_ufrf": false,
  "tau_est": 7.941135055332101e-12,
  "phi0_est": -0.0007460451439554785
}