{
  "input": "KCM55WR71E686MH01_DC0V_25degC_series.s2p",
  "Sij": "S11",
  "Z0": 50.0,
  "train_points": 320,
  "test_points": 81,
  "baseline": {
    "model": "RLC series -> \u0393",
    "R": 94.17647058823529,
    "L": 7.600000000000001e-10,
    "C": 5e-12,
    "train_MSE": 0.838094864320231,
    "test_MSE": 0.8341771121991461
  },
  "ufrf_prior": {
    "R": 87.44957983193277,
    "L": 3.8000000000000003e-10,
    "C": 7.5e-12,
    "a": 0.2,
    "phi": 3.141592653589793,
    "train_MSE": 0.8163230773977223,
    "test_MSE": 0.812245879610389,
    "improvement_percent": 2.629085870138505
  }
}