{
  "input": "NFZ5BBW520LN10_series.s2p",
  "Sij": "S11",
  "Z0": 50.0,
  "train_points": 320,
  "test_points": 81,
  "baseline": {
    "model": "RLC series -> \u0393",
    "R": 88.35294117647058,
    "L": 3.4000000000000007e-09,
    "C": 2.76e-12,
    "train_MSE": 0.09977900087008215,
    "test_MSE": 0.10348135719159524
  },
  "ufrf_prior": {
    "R": 94.66386554621846,
    "L": 3.6428571428571435e-09,
    "C": 2.562857142857143e-12,
    "a": 0.0,
    "phi": 0.0,
    "train_MSE": 0.10009127472446624,
    "test_MSE": 0.10375442141324863,
    "improvement_percent": -0.2638776964896357
  }
}