Model,MSE_complex
Baseline (test),0.31547522099248637
UFRF prior (test),0.26296675191629015
