{
  "input": "NFZ5BBW140LN10_series.s2p",
  "Sij": "S22",
  "Z0": 50.0,
  "train_points": 321,
  "test_points": 80,
  "baseline": {
    "model": "RLC series -> \u0393",
    "R": 82.52941176470588,
    "L": 3.4000000000000007e-09,
    "C": 2.44e-12,
    "train_MSE": 0.25308724150188644,
    "test_MSE": 0.25640289572081193
  },
  "ufrf_prior": {
    "R": 88.42436974789916,
    "L": 3.6428571428571435e-09,
    "C": 2.2657142857142856e-12,
    "a": 0.04,
    "phi": 5.654866776461628,
    "train_MSE": 0.2532917024548021,
    "test_MSE": 0.25585493994638575,
    "improvement_percent": 0.2137088869007269
  }
}