{
  "input": "04AF330.s2p",
  "Sij": "S21",
  "split": "block",
  "test_points": 37,
  "deg": 3,
  "ridge": 0.001,
  "n_cycles": 13,
  "gate": 0.02,
  "Z0": 50.0,
  "baseline_test_MSE": 0.11527209721618843,
  "ufrf_test_MSE": 0.11527209721618843,
  "improvement_percent": 0.0,
  "train_gain_used": 0.004521242269943962,
  "used_ufrf": false,
  "tau_est": 1.3317767459221548e-10,
  "phi0_est": -0.046415970219837135
}