{
  "input": "0603CT_2N3.s2p",
  "Sij": "S12",
  "Z0": 50.0,
  "train_points": 784,
  "test_points": 196,
  "baseline": {
    "model": "delay+poly_complex_logf(deg=3)",
    "tau": 8.249509395204844e-12,
    "phi0": 0.07182824262919293,
    "train_MSE": 0.007374688644816367,
    "test_MSE": 0.009448408497418775
  },
  "train_improvement_percent": 0.67824852695483,
  "gate_threshold_percent": 2.0,
  "gated": false
}