{
  "input": "LQP15MN4N3B02_series.s2p",
  "Sij": "S22",
  "Z0": 50.0,
  "train_points": 321,
  "test_points": 80,
  "baseline": {
    "model": "RLC series -> \u0393",
    "R": 82.52941176470588,
    "L": 8.02e-09,
    "C": 5e-12,
    "train_MSE": 0.30733025384266843,
    "test_MSE": 0.3216600870177776
  },
  "ufrf_prior": {
    "R": 76.6344537815126,
    "L": 7.4471428571428564e-09,
    "C": 7.5e-12,
    "a": 0.2,
    "phi": 3.7699111843077517,
    "train_MSE": 0.24959607058368624,
    "test_MSE": 0.26952018568591746,
    "improvement_percent": 16.209627316608437
  }
}