{
  "input": "LQP15MN3N7W02_series.s2p",
  "Sij": "S12",
  "Z0": 50.0,
  "train_points": 321,
  "test_points": 80,
  "baseline": {
    "model": "delay+poly_complex_logf(deg=3)",
    "tau": -5.337229338688062e-12,
    "phi0": 0.31805772733433246,
    "train_MSE": 0.02211114218045584,
    "test_MSE": 0.024322876472072992
  },
  "train_improvement_percent": 0.30543037949367685,
  "gate_threshold_percent": 2.0,
  "gated": false
}