{
  "input": "RCEC72A475MWK1H03B_DC0V_25degC_series.s2p",
  "Sij": "S21",
  "split": "block",
  "test_points": 80,
  "deg": 3,
  "ridge": 0.001,
  "n_cycles": 13,
  "gate": 0.02,
  "Z0": 50.0,
  "baseline_test_MSE": 2.4230154565072657,
  "ufrf_test_MSE": 2.4230154565072657,
  "improvement_percent": 0.0,
  "train_gain_used": 0.004077059186973907,
  "used_ufrf": false,
  "tau_est": 8.895945755543016e-09,
  "phi0_est": 0.17884978056393055
}