{
  "input": "0603CT_7N2.s2p",
  "Sij": "S12",
  "Z0": 50.0,
  "train_points": 740,
  "test_points": 184,
  "baseline": {
    "model": "delay+poly_complex_logf(deg=3)",
    "tau": 1.783493445716792e-11,
    "phi0": 0.1283606816806234,
    "train_MSE": 0.005122745211093151,
    "test_MSE": 0.005348619652314445
  },
  "train_improvement_percent": 0.24497886481499934,
  "gate_threshold_percent": 2.0,
  "gated": false
}