Model,MSE_complex
Baseline (test),0.9413311132356635
UFRF prior (test),0.9277244316928384
