Model,MSE_complex
Baseline (test),0.4590603771297868
UFRF prior (test),0.43693248925891137
