Model,MSE_complex
Baseline (test),0.8194472192352622
UFRF prior (test),0.8063617643057107
