{
  "input": "GRM31CR60G227ME11_DC0V_25degC_series.s2p",
  "Sij": "S12",
  "Z0": 50.0,
  "train_points": 321,
  "test_points": 80,
  "baseline": {
    "model": "delay+poly_complex_logf(deg=3)",
    "tau": 4.5662080893528546e-12,
    "phi0": -0.007195580796218874,
    "train_MSE": 7.193790528115012e-05,
    "test_MSE": 0.00011381138589519478
  },
  "train_improvement_percent": 0.15201790409844929,
  "gate_threshold_percent": 2.0,
  "gated": false
}