{
  "input": "RDEC71H475K2S1H03A_DC0V_25degC_series.s2p",
  "Sij": "S12",
  "Z0": 50.0,
  "train_points": 321,
  "test_points": 80,
  "baseline": {
    "model": "delay+poly_complex_logf(deg=3)",
    "tau": 6.812495656137224e-10,
    "phi0": -0.19359396256561895,
    "train_MSE": 0.006911760156155815,
    "test_MSE": 0.008760527947453746
  },
  "train_improvement_percent": 0.41435824235505614,
  "gate_threshold_percent": 2.0,
  "gated": false
}