{
  "input": "RHEL81E226MWM1H03A_DC0V_25degC_series.s2p",
  "Sij": "S12",
  "Z0": 50.0,
  "train_points": 321,
  "test_points": 80,
  "baseline": {
    "model": "delay+poly_complex_logf(deg=3)",
    "tau": 2.7743724940868397e-10,
    "phi0": -0.068157180648826,
    "train_MSE": 0.0018572046411228914,
    "test_MSE": 0.0026516803720997837
  },
  "train_improvement_percent": 0.22413053328351057,
  "gate_threshold_percent": 2.0,
  "gated": false
}