Model,MSE_complex
Baseline (test),0.5850128695187237
UFRF prior (test),0.5463651089953411
