{
  "input": "0603CT_4N3.s2p",
  "Sij": "S11",
  "Z0": 50.0,
  "train_points": 768,
  "test_points": 193,
  "baseline": {
    "model": "RLC series -> \u0393",
    "R": 82.52941176470588,
    "L": 8.02e-09,
    "C": 5e-12,
    "train_MSE": 0.5852814068539685,
    "test_MSE": 0.5850128695187237
  },
  "ufrf_prior": {
    "R": 76.6344537815126,
    "L": 7.4471428571428564e-09,
    "C": 7.5e-12,
    "a": 0.2,
    "phi": 3.141592653589793,
    "train_MSE": 0.5464213049491409,
    "test_MSE": 0.5463651089953411,
    "improvement_percent": 6.606309456948733
  }
}