Model,MSE_complex
Baseline (test),0.8923592491066411
UFRF prior (test),0.8787541123694692
