Model,MSE_complex
Baseline (test),0.6336786458975546
UFRF prior (test),0.6188635323657534
