Model,MSE_complex
Baseline (test),0.4916513821389228
UFRF prior (test),0.47551887348096517
