{
  "input": "04AF271.s2p",
  "Sij": "S11",
  "Z0": 50.0,
  "train_points": 151,
  "test_points": 38,
  "baseline": {
    "model": "RLC series -> \u0393",
    "R": 100.0,
    "L": 1e-10,
    "C": 2e-13,
    "train_MSE": 0.48347137682918084,
    "test_MSE": 0.4916513821389228
  },
  "ufrf_prior": {
    "R": 150.0,
    "L": 5e-11,
    "C": 1e-13,
    "a": 0.08,
    "phi": 2.5132741228718345,
    "train_MSE": 0.46620952318150627,
    "test_MSE": 0.47551887348096517,
    "improvement_percent": 3.281290207661648
  }
}