Model,MSE_complex
Baseline (test),0.9373893812724792
UFRF prior (test),0.9237996383711761
