{
  "input": "0603CT_24N.s2p",
  "Sij": "S21",
  "split": "block",
  "test_points": 176,
  "deg": 3,
  "ridge": 0.001,
  "n_cycles": 13,
  "gate": 0.02,
  "Z0": 50.0,
  "baseline_test_MSE": 0.25386941635312854,
  "ufrf_test_MSE": 0.25386941635312854,
  "improvement_percent": 0.0,
  "train_gain_used": 0.004567144488648067,
  "used_ufrf": false,
  "tau_est": 1.780466318066294e-10,
  "phi0_est": -0.020142442480039883
}