Model,MSE_complex
Baseline (test),0.2907695655571786
UFRF prior (test),0.23664588545295445
