{
  "input": "LQW18AN4N2B8Z_series.s2p",
  "Sij": "S11",
  "Z0": 50.0,
  "train_points": 321,
  "test_points": 80,
  "baseline": {
    "model": "RLC series -> \u0393",
    "R": 82.52941176470588,
    "L": 6.700000000000001e-09,
    "C": 5e-12,
    "train_MSE": 0.28984103551712165,
    "test_MSE": 0.2907695655571786
  },
  "ufrf_prior": {
    "R": 76.6344537815126,
    "L": 6.221428571428572e-09,
    "C": 7.5e-12,
    "a": 0.2,
    "phi": 3.7699111843077517,
    "train_MSE": 0.22943833296958954,
    "test_MSE": 0.23664588545295445,
    "improvement_percent": 18.613942625154472
  }
}