Model,MSE_complex
Baseline (test),0.2979379999359099
UFRF prior (test),0.2389554693446044
