Model,MSE_complex
Baseline (test),0.30024780346593455
UFRF prior (test),0.2469135551144273
