{
  "input": "NFZ32BW9R0HZ10_series.s2p",
  "Sij": "S12",
  "Z0": 50.0,
  "train_points": 321,
  "test_points": 80,
  "baseline": {
    "model": "delay+poly_complex_logf(deg=3)",
    "tau": -1.198820931754366e-10,
    "phi0": 0.31991623320453955,
    "train_MSE": 0.024869400190632992,
    "test_MSE": 0.03245066136268289
  },
  "train_improvement_percent": 0.48133694139307437,
  "gate_threshold_percent": 2.0,
  "gated": false
}