Model,MSE_complex
Baseline (test),0.40830313566849996
UFRF prior (test),0.3708749723906822
