{
  "input": "LQW04CA90NK00_series.s2p",
  "Sij": "S11",
  "Z0": 50.0,
  "train_points": 320,
  "test_points": 81,
  "baseline": {
    "model": "RLC series -> \u0393",
    "R": 100.0,
    "L": 1e-10,
    "C": 2e-13,
    "train_MSE": 0.4060061609734033,
    "test_MSE": 0.40830313566849996
  },
  "ufrf_prior": {
    "R": 150.0,
    "L": 5e-11,
    "C": 1e-13,
    "a": 0.04,
    "phi": 3.141592653589793,
    "train_MSE": 0.3688716526182896,
    "test_MSE": 0.3708749723906822,
    "improvement_percent": 9.16675871629984
  }
}