Model,MSE_complex
Baseline (test),0.014174737683890276
UFRF prior (test),0.01423406873824847
