Model,MSE_complex
Baseline (test),0.9038708432853472
UFRF prior (test),0.8863157145477573
