{
  "input": "0603CT_2N5.s2p",
  "Sij": "S12",
  "Z0": 50.0,
  "train_points": 784,
  "test_points": 196,
  "baseline": {
    "model": "delay+poly_complex_logf(deg=3)",
    "tau": 7.971428806233795e-12,
    "phi0": 0.0800516167446583,
    "train_MSE": 0.0074568982751457655,
    "test_MSE": 0.009413869909063215
  },
  "train_improvement_percent": 0.6353908882408847,
  "gate_threshold_percent": 2.0,
  "gated": false
}