Model,MSE_complex
Baseline (test),0.2995234140054381
UFRF prior (test),0.24571569411639155
