Model,MSE_complex
Baseline (test),0.5904714097662385
UFRF prior (test),0.5632193945336015
