Model,MSE_complex
Baseline (test),0.6445723458114401
UFRF prior (test),0.5809635976537945
