{
  "input": "0603CT_15N.s2p",
  "Sij": "S11",
  "Z0": 50.0,
  "train_points": 718,
  "test_points": 180,
  "baseline": {
    "model": "RLC series -> \u0393",
    "R": 100.0,
    "L": 1e-08,
    "C": 5e-12,
    "train_MSE": 0.6435913997400833,
    "test_MSE": 0.6445723458114401
  },
  "ufrf_prior": {
    "R": 107.14285714285714,
    "L": 1.5000000000000002e-08,
    "C": 7.5e-12,
    "a": 0.2,
    "phi": 3.141592653589793,
    "train_MSE": 0.5798100509159924,
    "test_MSE": 0.5809635976537945,
    "improvement_percent": 9.868364438994004
  }
}