Model,MSE_complex
Baseline (test),0.0050080495180791305
UFRF prior (test),0.005011057220478369
