{
  "input": "04AF391.s2p",
  "Sij": "S22",
  "Z0": 50.0,
  "train_points": 282,
  "test_points": 70,
  "baseline": {
    "model": "RLC series -> \u0393",
    "R": 100.0,
    "L": 1e-10,
    "C": 2e-13,
    "train_MSE": 0.46030797482040076,
    "test_MSE": 0.4751439747963564
  },
  "ufrf_prior": {
    "R": 150.0,
    "L": 5e-11,
    "C": 1e-13,
    "a": 0.08,
    "phi": 3.141592653589793,
    "train_MSE": 0.45289015063378635,
    "test_MSE": 0.4676346702937341,
    "improvement_percent": 1.5804271759608675
  }
}