Model,MSE_complex
Baseline (test),0.017817288921949455
UFRF prior (test),0.017930272883295018
