Model,MSE_complex
Baseline (test),0.6743676711759071
UFRF prior (test),0.6136889805319238
