{
  "input": "0603CT_22N.s2p",
  "Sij": "S22",
  "Z0": 50.0,
  "train_points": 710,
  "test_points": 177,
  "baseline": {
    "model": "RLC series -> \u0393",
    "R": 100.0,
    "L": 1e-08,
    "C": 5e-12,
    "train_MSE": 0.6702726429619117,
    "test_MSE": 0.6743676711759071
  },
  "ufrf_prior": {
    "R": 150.0,
    "L": 1.5000000000000002e-08,
    "C": 7.5e-12,
    "a": 0.2,
    "phi": 1.2566370614359172,
    "train_MSE": 0.5887627314663979,
    "test_MSE": 0.6136889805319238,
    "improvement_percent": 8.997864701636248
  }
}