{
  "input": "RDEC71E475K2M1H03A_DC0V_25degC_series.s2p",
  "Sij": "S21",
  "split": "block",
  "test_points": 80,
  "deg": 3,
  "ridge": 0.001,
  "n_cycles": 13,
  "gate": 0.02,
  "Z0": 50.0,
  "baseline_test_MSE": 2.4256614681802033,
  "ufrf_test_MSE": 2.4256614681802033,
  "improvement_percent": 0.0,
  "train_gain_used": 0.0034083267419528058,
  "used_ufrf": false,
  "tau_est": 8.667130850776232e-09,
  "phi0_est": 0.17412404644154394
}