Model,MSE_complex
Baseline (test),0.6015002323676005
UFRF prior (test),0.5668282030073789
