Model,MSE_complex
Baseline (test),0.009322864366245983
UFRF prior (test),0.009347587710560731
