Model,MSE_complex
Baseline (test),0.6753003780389925
UFRF prior (test),0.6332382202523682
