Model,MSE_complex
Baseline (test),0.01141730510172875
UFRF prior (test),0.011546936544342851
