Model,MSE_complex
Baseline (test),0.9052573685088519
UFRF prior (test),0.8876821628641322
