Model,MSE_complex
Baseline (test),0.01211805955004693
UFRF prior (test),0.01217903927785977
