{
  "input": "04AF200.s2p",
  "Sij": "S12",
  "Z0": 50.0,
  "train_points": 152,
  "test_points": 37,
  "baseline": {
    "model": "delay+poly_complex_logf(deg=3)",
    "tau": 1.0600619903556785e-11,
    "phi0": 0.11915852680859716,
    "train_MSE": 0.0029187400280721656,
    "test_MSE": 0.00325866482185526
  },
  "train_improvement_percent": 0.18657113127107408,
  "gate_threshold_percent": 2.0,
  "gated": false
}