{
  "input": "LQP15MN3N0W02_series.s2p",
  "Sij": "S21",
  "split": "block",
  "test_points": 80,
  "deg": 3,
  "ridge": 0.001,
  "n_cycles": 13,
  "gate": 0.02,
  "Z0": 50.0,
  "baseline_test_MSE": 0.4332033239259413,
  "ufrf_test_MSE": 0.4332033239259413,
  "improvement_percent": 0.0,
  "train_gain_used": 0.0028870875624417056,
  "used_ufrf": false,
  "tau_est": 2.356169319236581e-11,
  "phi0_est": -0.006596967182428181
}