Model,MSE_complex
Baseline (test),0.4711816836217517
UFRF prior (test),0.45099697276736367
