Model,MSE_complex
Baseline (test),0.7071213543010442
UFRF prior (test),0.6849108617282135
