{
  "input": "0603CT_43N.s2p",
  "Sij": "S11",
  "Z0": 50.0,
  "train_points": 693,
  "test_points": 174,
  "baseline": {
    "model": "RLC series -> \u0393",
    "R": 100.0,
    "L": 1e-10,
    "C": 2e-13,
    "train_MSE": 0.7070241517625016,
    "test_MSE": 0.7071213543010442
  },
  "ufrf_prior": {
    "R": 150.0,
    "L": 5e-11,
    "C": 1e-13,
    "a": 0.08,
    "phi": 3.141592653589793,
    "train_MSE": 0.684925055500772,
    "test_MSE": 0.6849108617282135,
    "improvement_percent": 3.1409732484722817
  }
}