{
  "input": "NFZ5BBW140LZ10_series.s2p",
  "Sij": "S21",
  "split": "block",
  "test_points": 80,
  "deg": 3,
  "ridge": 0.001,
  "n_cycles": 13,
  "gate": 0.02,
  "Z0": 50.0,
  "baseline_test_MSE": 5.750368848083508,
  "ufrf_test_MSE": 5.750368848083508,
  "improvement_percent": 0.0,
  "train_gain_used": 0.0002589367995232192,
  "used_ufrf": false,
  "tau_est": -5.20273135159452e-10,
  "phi0_est": -0.4837906647008026
}