Model,MSE_complex
Baseline (test),0.44439556961641047
UFRF prior (test),0.4227475405076979
