Model,MSE_complex
Baseline (test),0.018498921979466666
UFRF prior (test),0.018585971109371692
