Model,MSE_complex
Baseline (test),0.01111342756388507
UFRF prior (test),0.011151667986909357
