{
  "input": "LQP15MN4N7B02_series.s2p",
  "Sij": "S11",
  "Z0": 50.0,
  "train_points": 321,
  "test_points": 80,
  "baseline": {
    "model": "RLC series -> \u0393",
    "R": 88.35294117647058,
    "L": 9.340000000000001e-09,
    "C": 5e-12,
    "train_MSE": 0.30691099121565024,
    "test_MSE": 0.3230213794031321
  },
  "ufrf_prior": {
    "R": 82.04201680672267,
    "L": 8.672857142857144e-09,
    "C": 7.5e-12,
    "a": 0.2,
    "phi": 3.7699111843077517,
    "train_MSE": 0.2498884894051879,
    "test_MSE": 0.27073266841036864,
    "improvement_percent": 16.18738397111075
  }
}