Model,MSE_complex
Baseline (test),0.308948712824082
UFRF prior (test),0.24168775413455262
