{
  "input": "LQP03TN0N6BZ2_series.s2p",
  "Sij": "S11",
  "Z0": 50.0,
  "train_points": 320,
  "test_points": 81,
  "baseline": {
    "model": "RLC series -> \u0393",
    "R": 65.05882352941177,
    "L": 1e-10,
    "C": 5e-12,
    "train_MSE": 0.3064077346772503,
    "test_MSE": 0.308948712824082
  },
  "ufrf_prior": {
    "R": 60.411764705882355,
    "L": 1.5e-10,
    "C": 7.5e-12,
    "a": 0.2,
    "phi": 3.141592653589793,
    "train_MSE": 0.23862806170813491,
    "test_MSE": 0.24168775413455262,
    "improvement_percent": 21.770914037705772
  }
}