{
  "input": "RHEL81E106K3A2H03B_DC0V_25degC_series.s2p",
  "Sij": "S21",
  "split": "block",
  "test_points": 80,
  "deg": 3,
  "ridge": 0.001,
  "n_cycles": 13,
  "gate": 0.02,
  "Z0": 50.0,
  "baseline_test_MSE": 2.0260545557071965,
  "ufrf_test_MSE": 2.0260545557071965,
  "improvement_percent": 0.0,
  "train_gain_used": 0.0014008532924627475,
  "used_ufrf": false,
  "tau_est": 6.233300260836491e-09,
  "phi0_est": 0.12502902189392312
}