Model,MSE_complex
Baseline (test),0.8933924255381457
UFRF prior (test),0.8798196155953858
