Model,MSE_complex
Baseline (test),0.009903001027058543
UFRF prior (test),0.00993933798771503
