Model,MSE_complex
Baseline (test),0.008517134782575786
UFRF prior (test),0.008543673301080445
