Model,MSE_complex
Baseline (test),0.6033881481015886
UFRF prior (test),0.5427932901744181
