{
  "input": "LQP15MN18NG02_series.s2p",
  "Sij": "S21",
  "split": "block",
  "test_points": 80,
  "deg": 3,
  "ridge": 0.001,
  "n_cycles": 13,
  "gate": 0.02,
  "Z0": 50.0,
  "baseline_test_MSE": 0.39157925111223923,
  "ufrf_test_MSE": 0.39157925111223923,
  "improvement_percent": 0.0,
  "train_gain_used": 0.010904976222414807,
  "used_ufrf": false,
  "tau_est": 2.4170049251575902e-11,
  "phi0_est": -0.2949711388756394
}