{
  "input": "0603CT_43N.s2p",
  "Sij": "S22",
  "Z0": 50.0,
  "train_points": 694,
  "test_points": 173,
  "baseline": {
    "model": "RLC series -> \u0393",
    "R": 100.0,
    "L": 1e-10,
    "C": 2e-13,
    "train_MSE": 0.7019436739510689,
    "test_MSE": 0.7275025612586902
  },
  "ufrf_prior": {
    "R": 150.0,
    "L": 5e-11,
    "C": 1e-13,
    "a": 0.04,
    "phi": 3.7699111843077517,
    "train_MSE": 0.6801327962009776,
    "test_MSE": 0.7042475664747534,
    "improvement_percent": 3.1965516030214514
  }
}