{
  "input": "LQP15MN5N1B02_series.s2p",
  "Sij": "S12",
  "Z0": 50.0,
  "train_points": 321,
  "test_points": 80,
  "baseline": {
    "model": "delay+poly_complex_logf(deg=3)",
    "tau": -9.639699074752922e-12,
    "phi0": 0.37952986367274755,
    "train_MSE": 0.029068400175649742,
    "test_MSE": 0.03203736436051101
  },
  "train_improvement_percent": 0.29533881006096885,
  "gate_threshold_percent": 2.0,
  "gated": false
}