Model,MSE_complex
Baseline (test),0.3012453356351044
UFRF prior (test),0.2381048774948867
