Model,MSE_complex
Baseline (test),0.8996072851468677
UFRF prior (test),0.8820444748946563
