Model,MSE_complex
Baseline (test),0.29195263920405035
UFRF prior (test),0.2357472377859716
