{
  "input": "LQP15MN1N7W02_series.s2p",
  "Sij": "S11",
  "Z0": 50.0,
  "train_points": 321,
  "test_points": 80,
  "baseline": {
    "model": "RLC series -> \u0393",
    "R": 70.88235294117646,
    "L": 2.0800000000000003e-09,
    "C": 5e-12,
    "train_MSE": 0.2956957704598826,
    "test_MSE": 0.29195263920405035
  },
  "ufrf_prior": {
    "R": 65.81932773109243,
    "L": 1.9314285714285718e-09,
    "C": 7.5e-12,
    "a": 0.2,
    "phi": 3.7699111843077517,
    "train_MSE": 0.2319642755941066,
    "test_MSE": 0.2357472377859716,
    "improvement_percent": 19.25154763844964
  }
}