Model,MSE_complex
Baseline (test),0.8239096226501824
UFRF prior (test),0.8023367894787501
