Model,MSE_complex
Baseline (test),0.4221935322047414
UFRF prior (test),0.4220478808678978
