Model,MSE_complex
Baseline (test),0.046337347305584926
UFRF prior (test),0.047532937831194465
