{
  "input": "0603CT_43N.s2p",
  "Sij": "S12",
  "Z0": 50.0,
  "train_points": 694,
  "test_points": 173,
  "baseline": {
    "model": "delay+poly_complex_logf(deg=3)",
    "tau": 3.1256733487405776e-11,
    "phi0": 0.3234583229365995,
    "train_MSE": 0.008159066249540946,
    "test_MSE": 0.008170880179305638
  },
  "train_improvement_percent": 0.10832521962013772,
  "gate_threshold_percent": 2.0,
  "gated": false
}