Model,MSE_complex
Baseline (test),0.0001106629918368165
UFRF prior (test),0.00011060859690893775
