{
  "input": "NFZ5BBW310LN10_series.s2p",
  "Sij": "S21",
  "split": "block",
  "test_points": 80,
  "deg": 3,
  "ridge": 0.001,
  "n_cycles": 13,
  "gate": 0.02,
  "Z0": 50.0,
  "baseline_test_MSE": 3.2007446583778942,
  "ufrf_test_MSE": 3.2007446583778942,
  "improvement_percent": 0.0,
  "train_gain_used": 0.0002843765304050093,
  "used_ufrf": false,
  "tau_est": -5.967707907709498e-10,
  "phi0_est": -0.6059452107704977
}