Model,MSE_complex
Baseline (test),0.40331869728188324
UFRF prior (test),0.34776818204900345
