Model,MSE_complex
Baseline (test),0.7202453435915811
UFRF prior (test),0.6988438835081275
