Model,MSE_complex
Baseline (test),0.3115981336674024
UFRF prior (test),0.25446627240133146
