{
  "input": "04AF141.s2p",
  "Sij": "S12",
  "Z0": 50.0,
  "train_points": 152,
  "test_points": 37,
  "baseline": {
    "model": "delay+poly_complex_logf(deg=3)",
    "tau": 4.940530733882685e-12,
    "phi0": 0.4003573193044813,
    "train_MSE": 0.008802064090726864,
    "test_MSE": 0.008718725480202921
  },
  "train_improvement_percent": 0.30434685019320445,
  "gate_threshold_percent": 2.0,
  "gated": false
}