Model,MSE_complex
Baseline (test),0.31454371237966255
UFRF prior (test),0.2576989049982371
