Model,MSE_complex
Baseline (test),0.6075579763400785
UFRF prior (test),0.5624818185022696
