{
  "input": "0603CT_8N2.s2p",
  "Sij": "S11",
  "Z0": 50.0,
  "train_points": 739,
  "test_points": 185,
  "baseline": {
    "model": "RLC series -> \u0393",
    "R": 100.0,
    "L": 1e-08,
    "C": 5e-12,
    "train_MSE": 0.6057286058006432,
    "test_MSE": 0.6075579763400785
  },
  "ufrf_prior": {
    "R": 92.85714285714286,
    "L": 1.5000000000000002e-08,
    "C": 7.5e-12,
    "a": 0.2,
    "phi": 3.141592653589793,
    "train_MSE": 0.5605717420691191,
    "test_MSE": 0.5624818185022696,
    "improvement_percent": 7.419235627412388
  }
}