Model,MSE_complex
Baseline (test),0.3141069117485943
UFRF prior (test),0.25786710498481186
