{
  "input": "LQP15MN4N3B02_series.s2p",
  "Sij": "S11",
  "Z0": 50.0,
  "train_points": 320,
  "test_points": 81,
  "baseline": {
    "model": "RLC series -> \u0393",
    "R": 82.52941176470588,
    "L": 8.02e-09,
    "C": 5e-12,
    "train_MSE": 0.30919737060400826,
    "test_MSE": 0.3141069117485943
  },
  "ufrf_prior": {
    "R": 76.6344537815126,
    "L": 7.4471428571428564e-09,
    "C": 7.5e-12,
    "a": 0.2,
    "phi": 3.141592653589793,
    "train_MSE": 0.25238878382506547,
    "test_MSE": 0.25786710498481186,
    "improvement_percent": 17.904670244504455
  }
}