{
  "input": "0603CT_2N0.s2p",
  "Sij": "S22",
  "Z0": 50.0,
  "train_points": 789,
  "test_points": 197,
  "baseline": {
    "model": "RLC series -> \u0393",
    "R": 76.70588235294117,
    "L": 3.4000000000000007e-09,
    "C": 5e-12,
    "train_MSE": 0.5684360120045533,
    "test_MSE": 0.6070294709387469
  },
  "ufrf_prior": {
    "R": 71.22689075630252,
    "L": 3.157142857142858e-09,
    "C": 7.5e-12,
    "a": 0.2,
    "phi": 1.2566370614359172,
    "train_MSE": 0.5278851538160293,
    "test_MSE": 0.57415672311463,
    "improvement_percent": 5.415346271949627
  }
}