Model,MSE_complex
Baseline (test),0.6055178292689201
UFRF prior (test),0.5642250653193503
