{
  "input": "0603CT_6N8.s2p",
  "Sij": "S11",
  "Z0": 50.0,
  "train_points": 739,
  "test_points": 185,
  "baseline": {
    "model": "RLC series -> \u0393",
    "R": 94.17647058823529,
    "L": 1e-08,
    "C": 5e-12,
    "train_MSE": 0.6036907830646451,
    "test_MSE": 0.6055178292689201
  },
  "ufrf_prior": {
    "R": 87.44957983193277,
    "L": 1.2142857142857145e-08,
    "C": 7.5e-12,
    "a": 0.2,
    "phi": 3.141592653589793,
    "train_MSE": 0.5623314729774734,
    "test_MSE": 0.5642250653193503,
    "improvement_percent": 6.81941339356185
  }
}