Model,MSE_complex
Baseline (test),0.6884022850655497
UFRF prior (test),0.6673841021251276
