{
  "input": "0603CT_51N.s2p",
  "Sij": "S11",
  "Z0": 50.0,
  "train_points": 692,
  "test_points": 173,
  "baseline": {
    "model": "RLC series -> \u0393",
    "R": 100.0,
    "L": 1e-10,
    "C": 2e-13,
    "train_MSE": 0.6861602613457969,
    "test_MSE": 0.6884022850655497
  },
  "ufrf_prior": {
    "R": 150.0,
    "L": 5e-11,
    "C": 1e-13,
    "a": 0.08,
    "phi": 3.141592653589793,
    "train_MSE": 0.6647196561329608,
    "test_MSE": 0.6673841021251276,
    "improvement_percent": 3.05318320354221
  }
}