Model,MSE_complex
Baseline (test),0.0012206962401348914
UFRF prior (test),0.001226708840260056
