Model,MSE_complex
Baseline (test),0.005482975940142552
UFRF prior (test),0.005484198433495474
