Model,MSE_complex
Baseline (test),0.0126906565606553
UFRF prior (test),0.0127535792056861
