{
  "input": "BLE18PK100SN1_series.s2p",
  "Sij": "S11",
  "Z0": 50.0,
  "train_points": 321,
  "test_points": 80,
  "baseline": {
    "model": "RLC series -> \u0393",
    "R": 100.0,
    "L": 4.720000000000001e-09,
    "C": 5e-12,
    "train_MSE": 0.6642137992701239,
    "test_MSE": 0.6817352200682892
  },
  "ufrf_prior": {
    "R": 121.42857142857143,
    "L": 4.3828571428571434e-09,
    "C": 7.5e-12,
    "a": 0.2,
    "phi": 0.6283185307179586,
    "train_MSE": 0.6220187274460914,
    "test_MSE": 0.6318572254255483,
    "improvement_percent": 7.316329444992535
  }
}