Model,MSE_complex
Baseline (test),0.9037981361380265
UFRF prior (test),0.8862430119601463
