{
  "input": "0603CT_47N.s2p",
  "Sij": "S11",
  "Z0": 50.0,
  "train_points": 692,
  "test_points": 173,
  "baseline": {
    "model": "RLC series -> \u0393",
    "R": 100.0,
    "L": 1e-10,
    "C": 2e-13,
    "train_MSE": 0.692320902523716,
    "test_MSE": 0.7202453435915811
  },
  "ufrf_prior": {
    "R": 150.0,
    "L": 5e-11,
    "C": 1e-13,
    "a": 0.04,
    "phi": 3.141592653589793,
    "train_MSE": 0.6705683723174864,
    "test_MSE": 0.6988438835081275,
    "improvement_percent": 2.971412487963181
  }
}