Model,MSE_complex
Baseline (test),0.40145513629193263
UFRF prior (test),0.3641913188381839
