{
  "input": "LQW04CA90NK00_series.s2p",
  "Sij": "S11",
  "Z0": 50.0,
  "train_points": 321,
  "test_points": 80,
  "baseline": {
    "model": "RLC series -> \u0393",
    "R": 100.0,
    "L": 1e-10,
    "C": 2e-13,
    "train_MSE": 0.40771998316910574,
    "test_MSE": 0.40145513629193263
  },
  "ufrf_prior": {
    "R": 150.0,
    "L": 5e-11,
    "C": 1e-13,
    "a": 0.04,
    "phi": 3.7699111843077517,
    "train_MSE": 0.3705618432607631,
    "test_MSE": 0.3641913188381839,
    "improvement_percent": 9.282187244616795
  }
}