Model,MSE_complex
Baseline (test),0.004665028323664411
UFRF prior (test),0.004664590430152019
