Model,MSE_complex
Baseline (test),0.6142621520951289
UFRF prior (test),0.5638980178887797
