{
  "input": "0603CT_9N5.s2p",
  "Sij": "S11",
  "Z0": 50.0,
  "train_points": 733,
  "test_points": 184,
  "baseline": {
    "model": "RLC series -> \u0393",
    "R": 100.0,
    "L": 1e-08,
    "C": 5e-12,
    "train_MSE": 0.6139805925456631,
    "test_MSE": 0.6142621520951289
  },
  "ufrf_prior": {
    "R": 92.85714285714286,
    "L": 1.5000000000000002e-08,
    "C": 7.5e-12,
    "a": 0.2,
    "phi": 3.141592653589793,
    "train_MSE": 0.5634419437862956,
    "test_MSE": 0.5638980178887797,
    "improvement_percent": 8.19912703958187
  }
}