Model,MSE_complex
Baseline (test),0.5145933937468505
UFRF prior (test),0.4986530602681532
