{
  "input": "RDEC72A475K3P1H03B_DC0V_25degC_series.s2p",
  "Sij": "S12",
  "Z0": 50.0,
  "train_points": 321,
  "test_points": 80,
  "baseline": {
    "model": "delay+poly_complex_logf(deg=3)",
    "tau": 6.870905913405591e-10,
    "phi0": -0.19490722773099126,
    "train_MSE": 0.006885117946644098,
    "test_MSE": 0.008723365108938643
  },
  "train_improvement_percent": 0.41413402924958714,
  "gate_threshold_percent": 2.0,
  "gated": false
}