Model,MSE_complex
Baseline (test),0.5808329635496879
UFRF prior (test),0.5425323980866917
