{
  "input": "0603CT_4N7.s2p",
  "Sij": "S11",
  "Z0": 50.0,
  "train_points": 774,
  "test_points": 194,
  "baseline": {
    "model": "RLC series -> \u0393",
    "R": 88.35294117647058,
    "L": 8.68e-09,
    "C": 5e-12,
    "train_MSE": 0.5797565426092322,
    "test_MSE": 0.5808329635496879
  },
  "ufrf_prior": {
    "R": 82.04201680672267,
    "L": 8.06e-09,
    "C": 7.5e-12,
    "a": 0.2,
    "phi": 3.141592653589793,
    "train_MSE": 0.5413600286732128,
    "test_MSE": 0.5425323980866917,
    "improvement_percent": 6.594075726853912
  }
}