Model,MSE_complex
Baseline (test),0.005000122188504319
UFRF prior (test),0.005004531378065955
