Model,MSE_complex
Baseline (test),0.25640289572081193
UFRF prior (test),0.25585493994638575
