{
  "input": "RCEC72A475K3DNH03A_DC0V_25degC_series.s2p",
  "Sij": "S22",
  "Z0": 50.0,
  "train_points": 321,
  "test_points": 80,
  "baseline": {
    "model": "RLC series -> \u0393",
    "R": 100.0,
    "L": 1e-08,
    "C": 5e-12,
    "train_MSE": 0.894974067011685,
    "test_MSE": 0.9038417234379693
  },
  "ufrf_prior": {
    "R": 150.0,
    "L": 1.5000000000000002e-08,
    "C": 7.5e-12,
    "a": 0.2,
    "phi": 0.0,
    "train_MSE": 0.8834689556738667,
    "test_MSE": 0.8862485483220723,
    "improvement_percent": 1.946488490150388
  }
}