Model,MSE_complex
Baseline (test),0.7252242730126626
UFRF prior (test),0.6416677837708028
