{
  "input": "0603CT_39N.s2p",
  "Sij": "S22",
  "Z0": 50.0,
  "train_points": 694,
  "test_points": 173,
  "baseline": {
    "model": "RLC series -> \u0393",
    "R": 100.0,
    "L": 1e-08,
    "C": 5e-12,
    "train_MSE": 0.707731641187877,
    "test_MSE": 0.7252242730126626
  },
  "ufrf_prior": {
    "R": 150.0,
    "L": 1.5000000000000002e-08,
    "C": 7.5e-12,
    "a": 0.2,
    "phi": 5.654866776461628,
    "train_MSE": 0.6081087350050123,
    "test_MSE": 0.6416677837708028,
    "improvement_percent": 11.521468923641617
  }
}