Model,MSE_complex
Baseline (test),0.0038617950281605164
UFRF prior (test),0.0036248238055326776
