{
  "input": "NFZ32BW451HZ10_series.s2p",
  "Sij": "S11",
  "Z0": 50.0,
  "train_points": 320,
  "test_points": 81,
  "baseline": {
    "model": "RLC series -> \u0393",
    "R": 53.41176470588235,
    "L": 7.600000000000001e-10,
    "C": 1.16e-12,
    "train_MSE": 0.003548192878903679,
    "test_MSE": 0.0038617950281605164
  },
  "ufrf_prior": {
    "R": 49.59663865546218,
    "L": 3.8000000000000003e-10,
    "C": 1.2428571428571427e-12,
    "a": 0.0,
    "phi": 0.0,
    "train_MSE": 0.003331462256997795,
    "test_MSE": 0.0036248238055326776,
    "improvement_percent": 6.136297263314749
  }
}