Model,MSE_complex
Baseline (test),0.8922889127193874
UFRF prior (test),0.8787120042936247
