{
  "input": "LQG15HH18NH02_series.s2p",
  "Sij": "S11",
  "Z0": 50.0,
  "train_points": 321,
  "test_points": 80,
  "baseline": {
    "model": "RLC series -> \u0393",
    "R": 100.0,
    "L": 1e-10,
    "C": 5e-12,
    "train_MSE": 0.49143463023623296,
    "test_MSE": 0.4873848329175477
  },
  "ufrf_prior": {
    "R": 150.0,
    "L": 5e-11,
    "C": 7.5e-12,
    "a": 0.2,
    "phi": 3.7699111843077517,
    "train_MSE": 0.36999638422275755,
    "test_MSE": 0.36727263362971974,
    "improvement_percent": 24.644221809041742
  }
}