Model,MSE_complex
Baseline (test),0.011925029275331433
UFRF prior (test),0.011969307883786534
