Model,MSE_complex
Baseline (test),0.8796304126280129
UFRF prior (test),0.8620622540329463
