Model,MSE_complex
Baseline (test),0.00216904998205736
UFRF prior (test),0.002153821394974698
