Model,MSE_complex
Baseline (test),0.8225410706788893
UFRF prior (test),0.8008030263284525
