{
  "input": "RDEC71E106K2S1H03A_DC0V_25degC_series.s2p",
  "Sij": "S12",
  "Z0": 50.0,
  "train_points": 321,
  "test_points": 80,
  "baseline": {
    "model": "delay+poly_complex_logf(deg=3)",
    "tau": 4.392958187747282e-10,
    "phi0": -0.11956673122945337,
    "train_MSE": 0.004183301561282638,
    "test_MSE": 0.005495227669547879
  },
  "train_improvement_percent": 0.37441974848964404,
  "gate_threshold_percent": 2.0,
  "gated": false
}