Model,MSE_complex
Baseline (test),0.3483085899784988
UFRF prior (test),0.26849229774730504
