{
  "input": "LQP15MN10NG02_series.s2p",
  "Sij": "S11",
  "Z0": 50.0,
  "train_points": 320,
  "test_points": 81,
  "baseline": {
    "model": "RLC series -> \u0393",
    "R": 100.0,
    "L": 1e-08,
    "C": 5e-12,
    "train_MSE": 0.3430569721181737,
    "test_MSE": 0.3483085899784988
  },
  "ufrf_prior": {
    "R": 92.85714285714286,
    "L": 1.5000000000000002e-08,
    "C": 7.5e-12,
    "a": 0.2,
    "phi": 3.141592653589793,
    "train_MSE": 0.26260930136367244,
    "test_MSE": 0.26849229774730504,
    "improvement_percent": 22.91539586667123
  }
}