{
  "input": "0603CT_3N3.s2p",
  "Sij": "S12",
  "Z0": 50.0,
  "train_points": 780,
  "test_points": 194,
  "baseline": {
    "model": "delay+poly_complex_logf(deg=3)",
    "tau": 1.1505384163135683e-11,
    "phi0": 0.08919796933240755,
    "train_MSE": 0.005362724201404821,
    "test_MSE": 0.005413788616970497
  },
  "train_improvement_percent": 0.15460959600406707,
  "gate_threshold_percent": 2.0,
  "gated": false
}