Model,MSE_complex
Baseline (test),0.4391621982064094
UFRF prior (test),0.42423193236056744
