Model,MSE_complex
Baseline (test),0.29264311903582185
UFRF prior (test),0.29246329359865725
