Model,MSE_complex
Baseline (test),0.004486059153587988
UFRF prior (test),0.0044730637039639585
