{
  "input": "04AF510.s2p",
  "Sij": "S12",
  "Z0": 50.0,
  "train_points": 152,
  "test_points": 37,
  "baseline": {
    "model": "delay+poly_complex_logf(deg=3)",
    "tau": 1.2905157331575465e-11,
    "phi0": 0.2344011289246493,
    "train_MSE": 0.006310013894533079,
    "test_MSE": 0.006538083950472104
  },
  "train_improvement_percent": 0.21020661680044744,
  "gate_threshold_percent": 2.0,
  "gated": false
}