{
  "input": "LQG15HH10NJ02_series.s2p",
  "Sij": "S12",
  "Z0": 50.0,
  "train_points": 321,
  "test_points": 80,
  "baseline": {
    "model": "delay+poly_complex_logf(deg=3)",
    "tau": -8.802951173694348e-12,
    "phi0": 0.2894383533586362,
    "train_MSE": 0.0762131975400305,
    "test_MSE": 0.08438344394235972
  },
  "train_improvement_percent": 0.5792519852225495,
  "gate_threshold_percent": 2.0,
  "gated": false
}