Model,MSE_complex
Baseline (test),0.01056257878975101
UFRF prior (test),0.010544003941472736
