Model,MSE_complex
Baseline (test),0.3287183669732003
UFRF prior (test),0.2723395396607714
