{
  "input": "LQP15MN7N5B02_series.s2p",
  "Sij": "S22",
  "Z0": 50.0,
  "train_points": 321,
  "test_points": 80,
  "baseline": {
    "model": "RLC series -> \u0393",
    "R": 94.17647058823529,
    "L": 1e-08,
    "C": 5e-12,
    "train_MSE": 0.31547514040301144,
    "test_MSE": 0.3287183669732003
  },
  "ufrf_prior": {
    "R": 87.44957983193277,
    "L": 1.5000000000000002e-08,
    "C": 7.5e-12,
    "a": 0.2,
    "phi": 3.7699111843077517,
    "train_MSE": 0.24864379378256077,
    "test_MSE": 0.2723395396607714,
    "improvement_percent": 17.151103490674533
  }
}