Model,MSE_complex
Baseline (test),0.004805321154930449
UFRF prior (test),0.004806274775142455
