Model,MSE_complex
Baseline (test),0.010748050015277451
UFRF prior (test),0.01079405767103643
