Model,MSE_complex
Baseline (test),0.3720594534213992
UFRF prior (test),0.30868125121027873
