Model,MSE_complex
Baseline (test),0.6159901284419851
UFRF prior (test),0.5464228737158745
