{
  "input": "04AF510.s2p",
  "Sij": "S22",
  "Z0": 50.0,
  "train_points": 152,
  "test_points": 37,
  "baseline": {
    "model": "RLC series -> \u0393",
    "R": 100.0,
    "L": 1e-08,
    "C": 5e-12,
    "train_MSE": 0.6717855536209402,
    "test_MSE": 0.6159901284419851
  },
  "ufrf_prior": {
    "R": 150.0,
    "L": 1.5000000000000002e-08,
    "C": 7.5e-12,
    "a": 0.2,
    "phi": 2.5132741228718345,
    "train_MSE": 0.5895823929727358,
    "test_MSE": 0.5464228737158745,
    "improvement_percent": 11.293566489785483
  }
}