Model,MSE_complex
Baseline (test),0.9663228855089244
UFRF prior (test),0.9487675375734369
