{
  "input": "RDEC71H106K3P1H03B_DC0V_25degC_series.s2p",
  "Sij": "S21",
  "split": "block",
  "test_points": 80,
  "deg": 3,
  "ridge": 0.001,
  "n_cycles": 13,
  "gate": 0.02,
  "Z0": 50.0,
  "baseline_test_MSE": 2.072020069357335,
  "ufrf_test_MSE": 2.072020069357335,
  "improvement_percent": 0.0,
  "train_gain_used": 0.0013425535097867103,
  "used_ufrf": false,
  "tau_est": 6.378291352487573e-09,
  "phi0_est": 0.1278388941149529
}