{
  "input": "LQP03TN0N6BZ2_series.s2p",
  "Sij": "S22",
  "Z0": 50.0,
  "train_points": 321,
  "test_points": 80,
  "baseline": {
    "model": "RLC series -> \u0393",
    "R": 65.05882352941177,
    "L": 1e-10,
    "C": 5e-12,
    "train_MSE": 0.30724611836309534,
    "test_MSE": 0.30561646051146424
  },
  "ufrf_prior": {
    "R": 60.411764705882355,
    "L": 1.5e-10,
    "C": 7.5e-12,
    "a": 0.2,
    "phi": 3.7699111843077517,
    "train_MSE": 0.23840686173761583,
    "test_MSE": 0.24310754607321883,
    "improvement_percent": 20.453386029546202
  }
}