Model,MSE_complex
Baseline (test),0.010645131209108417
UFRF prior (test),0.010664841344951898
