{
  "input": "NFZ5BBW100LN10_series.s2p",
  "Sij": "S11",
  "Z0": 50.0,
  "train_points": 321,
  "test_points": 80,
  "baseline": {
    "model": "RLC series -> \u0393",
    "R": 76.70588235294117,
    "L": 2.0800000000000003e-09,
    "C": 2.12e-12,
    "train_MSE": 0.29074820438359666,
    "test_MSE": 0.29029177395363404
  },
  "ufrf_prior": {
    "R": 82.18487394957984,
    "L": 2.228571428571429e-09,
    "C": 1.9685714285714282e-12,
    "a": 0.0,
    "phi": 0.0,
    "train_MSE": 0.29054797754716416,
    "test_MSE": 0.28953893464712716,
    "improvement_percent": 0.25933883563201676
  }
}