{
  "input": "RHEL81H475K3K1H03B_DC0V_25degC_series.s2p",
  "Sij": "S21",
  "split": "block",
  "test_points": 80,
  "deg": 3,
  "ridge": 0.001,
  "n_cycles": 13,
  "gate": 0.02,
  "Z0": 50.0,
  "baseline_test_MSE": 2.4241320010529543,
  "ufrf_test_MSE": 2.4241320010529543,
  "improvement_percent": 0.0,
  "train_gain_used": 0.0032860482217578185,
  "used_ufrf": false,
  "tau_est": 8.624400175041233e-09,
  "phi0_est": 0.17328280845422744
}