{
  "input": "LQP15MN1N8B02_series.s2p",
  "Sij": "S21",
  "split": "block",
  "test_points": 80,
  "deg": 3,
  "ridge": 0.001,
  "n_cycles": 13,
  "gate": 0.02,
  "Z0": 50.0,
  "baseline_test_MSE": 1.028862310054969,
  "ufrf_test_MSE": 1.028862310054969,
  "improvement_percent": 0.0,
  "train_gain_used": 0.003627772352195767,
  "used_ufrf": false,
  "tau_est": 1.3617767315938156e-11,
  "phi0_est": -0.0018863705460810964
}