Model,MSE_complex
Baseline (test),0.31084247555810046
UFRF prior (test),0.2534465851194932
