Model,MSE_complex
Baseline (test),0.3529179244007328
UFRF prior (test),0.27941584781065903
