{
  "input": "0603CT_22N.s2p",
  "Sij": "S11",
  "Z0": 50.0,
  "train_points": 709,
  "test_points": 178,
  "baseline": {
    "model": "RLC series -> \u0393",
    "R": 100.0,
    "L": 1e-08,
    "C": 5e-12,
    "train_MSE": 0.671077865289756,
    "test_MSE": 0.6711373472508753
  },
  "ufrf_prior": {
    "R": 150.0,
    "L": 1.5000000000000002e-08,
    "C": 7.5e-12,
    "a": 0.2,
    "phi": 3.141592653589793,
    "train_MSE": 0.5935213620229739,
    "test_MSE": 0.593860507031722,
    "improvement_percent": 11.51431082411015
  }
}