{
  "input": "LQP15MN15NG02_series.s2p",
  "Sij": "S12",
  "Z0": 50.0,
  "train_points": 321,
  "test_points": 80,
  "baseline": {
    "model": "delay+poly_complex_logf(deg=3)",
    "tau": -1.743572714528591e-11,
    "phi0": 0.4690813597931396,
    "train_MSE": 0.03634782786590436,
    "test_MSE": 0.041702621658213666
  },
  "train_improvement_percent": 0.34027581092646836,
  "gate_threshold_percent": 2.0,
  "gated": false
}