Model,MSE_complex
Baseline (test),0.07166099490664322
UFRF prior (test),0.07137710023535394
