Model,MSE_complex
Baseline (test),0.010454817047599449
UFRF prior (test),0.01042794341167419
