{
  "input": "LQP15MN6N8B02_series.s2p",
  "Sij": "S21",
  "split": "block",
  "test_points": 80,
  "deg": 3,
  "ridge": 0.001,
  "n_cycles": 13,
  "gate": 0.02,
  "Z0": 50.0,
  "baseline_test_MSE": 0.2314614278479473,
  "ufrf_test_MSE": 0.2314614278479473,
  "improvement_percent": 0.0,
  "train_gain_used": 0.004140699846982867,
  "used_ufrf": false,
  "tau_est": 4.529592271058032e-11,
  "phi0_est": -0.04595109956532785
}