{
  "input": "NFZ5BBW6R7LN10_series.s2p",
  "Sij": "S12",
  "Z0": 50.0,
  "train_points": 321,
  "test_points": 80,
  "baseline": {
    "model": "delay+poly_complex_logf(deg=3)",
    "tau": -1.1499297236774252e-10,
    "phi0": 0.33081020483315343,
    "train_MSE": 0.024655377379577608,
    "test_MSE": 0.03194740432573655
  },
  "train_improvement_percent": 0.4922890240899864,
  "gate_threshold_percent": 2.0,
  "gated": false
}