Model,MSE_complex
Baseline (test),0.5538398828058879
UFRF prior (test),0.5449879705874756
