{
  "input": "04AF201.s2p",
  "Sij": "S11",
  "Z0": 50.0,
  "train_points": 281,
  "test_points": 71,
  "baseline": {
    "model": "RLC series -> \u0393",
    "R": 100.0,
    "L": 1e-10,
    "C": 2e-13,
    "train_MSE": 0.5523363998864391,
    "test_MSE": 0.5538398828058879
  },
  "ufrf_prior": {
    "R": 150.0,
    "L": 5e-11,
    "C": 1e-13,
    "a": 0.08,
    "phi": 3.141592653589793,
    "train_MSE": 0.5436379363471882,
    "test_MSE": 0.5449879705874756,
    "improvement_percent": 1.5982800251882114
  }
}