{
  "input": "RDEC71H226MWM1H03A_DC0V_25degC_series.s2p",
  "Sij": "S12",
  "Z0": 50.0,
  "train_points": 321,
  "test_points": 80,
  "baseline": {
    "model": "delay+poly_complex_logf(deg=3)",
    "tau": 2.921924359809471e-10,
    "phi0": -0.06621588273132242,
    "train_MSE": 0.0017784021936145772,
    "test_MSE": 0.002548489006685083
  },
  "train_improvement_percent": 0.22118499286896587,
  "gate_threshold_percent": 2.0,
  "gated": false
}