Model,MSE_complex
Baseline (test),0.8237597438170179
UFRF prior (test),0.8021840361895044
