{
  "input": "LQP15MN2N4B02_series.s2p",
  "Sij": "S21",
  "split": "block",
  "test_points": 80,
  "deg": 3,
  "ridge": 0.001,
  "n_cycles": 13,
  "gate": 0.02,
  "Z0": 50.0,
  "baseline_test_MSE": 0.6819952288436918,
  "ufrf_test_MSE": 0.6819952288436918,
  "improvement_percent": 0.0,
  "train_gain_used": 0.0033293951158387233,
  "used_ufrf": false,
  "tau_est": 1.9063036044228635e-11,
  "phi0_est": -0.0029202221746125524
}