{
  "input": "LQG15HH1N2B02_series.s2p",
  "Sij": "S12",
  "Z0": 50.0,
  "train_points": 321,
  "test_points": 80,
  "baseline": {
    "model": "delay+poly_complex_logf(deg=3)",
    "tau": 1.7993050561334158e-13,
    "phi0": 0.11501529850595527,
    "train_MSE": 0.05532050330956626,
    "test_MSE": 0.04623841009450403
  },
  "train_improvement_percent": 0.6531288699109219,
  "gate_threshold_percent": 2.0,
  "gated": false
}