Model,MSE_complex
Baseline (test),0.3018749455919686
UFRF prior (test),0.23776964828020472
