{
  "input": "LQP15MN1N1W02_series.s2p",
  "Sij": "S11",
  "Z0": 50.0,
  "train_points": 320,
  "test_points": 81,
  "baseline": {
    "model": "RLC series -> \u0393",
    "R": 65.05882352941177,
    "L": 7.600000000000001e-10,
    "C": 5e-12,
    "train_MSE": 0.29955369330925574,
    "test_MSE": 0.3018749455919686
  },
  "ufrf_prior": {
    "R": 69.70588235294119,
    "L": 9.22857142857143e-10,
    "C": 7.5e-12,
    "a": 0.2,
    "phi": 3.7699111843077517,
    "train_MSE": 0.2349221328947994,
    "test_MSE": 0.23776964828020472,
    "improvement_percent": 21.235713081804494
  }
}