Model,MSE_complex
Baseline (test),0.9474106007012665
UFRF prior (test),0.9298368610884719
