Model,MSE_complex
Baseline (test),0.00020383734931392455
UFRF prior (test),0.0002025773004788161
