Model,MSE_complex
Baseline (test),0.3092285759948011
UFRF prior (test),0.2563012459470685
