{
  "input": "LQP15MN3N2W02_series.s2p",
  "Sij": "S22",
  "Z0": 50.0,
  "train_points": 321,
  "test_points": 80,
  "baseline": {
    "model": "RLC series -> \u0393",
    "R": 82.52941176470588,
    "L": 5.380000000000001e-09,
    "C": 5e-12,
    "train_MSE": 0.30188458210862257,
    "test_MSE": 0.3092285759948011
  },
  "ufrf_prior": {
    "R": 76.6344537815126,
    "L": 4.995714285714287e-09,
    "C": 7.5e-12,
    "a": 0.2,
    "phi": 3.7699111843077517,
    "train_MSE": 0.24207568557195236,
    "test_MSE": 0.2563012459470685,
    "improvement_percent": 17.115924644888718
  }
}