Model,MSE_complex
Baseline (test),0.3114394161732993
UFRF prior (test),0.25873970128390905
