{
  "input": "NFZ32BW650HZ11_series.s2p",
  "Sij": "S11",
  "Z0": 50.0,
  "train_points": 320,
  "test_points": 81,
  "baseline": {
    "model": "RLC series -> \u0393",
    "R": 59.23529411764706,
    "L": 1e-10,
    "C": 1.48e-12,
    "train_MSE": 0.06844526315569388,
    "test_MSE": 0.07166099490664322
  },
  "ufrf_prior": {
    "R": 55.00420168067227,
    "L": 1.0714285714285713e-10,
    "C": 1.3742857142857143e-12,
    "a": 0.0,
    "phi": 0.0,
    "train_MSE": 0.06816256659518444,
    "test_MSE": 0.07137710023535394,
    "improvement_percent": 0.39616345218082216
  }
}