Model,MSE_complex
Baseline (test),0.8689876259428002
UFRF prior (test),0.8554347139694675
