{
  "input": "NFZ32BW451HZ10_series.s2p",
  "Sij": "S21",
  "split": "block",
  "test_points": 80,
  "deg": 3,
  "ridge": 0.001,
  "n_cycles": 13,
  "gate": 0.02,
  "Z0": 50.0,
  "baseline_test_MSE": 0.16809506773496535,
  "ufrf_test_MSE": 0.16809506773496535,
  "improvement_percent": 0.0,
  "train_gain_used": 0.004870377925378361,
  "used_ufrf": false,
  "tau_est": -6.637911717914481e-10,
  "phi0_est": -0.44751415596988886
}