Model,MSE_complex
Baseline (test),0.6817352200682892
UFRF prior (test),0.6318572254255483
