Model,MSE_complex
Baseline (test),0.0169313053007971
UFRF prior (test),0.017005271386968186
