Model,MSE_complex
Baseline (test),0.006727661370806219
UFRF prior (test),0.006720105048704006
