Model,MSE_complex
Baseline (test),0.004463851047857337
UFRF prior (test),0.004469367632493086
