{
  "input": "GRM31CD80G107MEA8_DC0V_25degC_series.s2p",
  "Sij": "S12",
  "Z0": 50.0,
  "train_points": 321,
  "test_points": 80,
  "baseline": {
    "model": "delay+poly_complex_logf(deg=3)",
    "tau": 4.282159141589722e-12,
    "phi0": -0.011833953607272556,
    "train_MSE": 0.0001775910638370348,
    "test_MSE": 0.0002959980958152497
  },
  "train_improvement_percent": 0.0762018677380529,
  "gate_threshold_percent": 2.0,
  "gated": false
}