Model,MSE_complex
Baseline (test),0.9478121019258847
UFRF prior (test),0.9302361216792026
