Model,MSE_complex
Baseline (test),0.007554221704968939
UFRF prior (test),0.007529739540213248
