Model,MSE_complex
Baseline (test),0.016569906611448866
UFRF prior (test),0.016638606857980676
