Model,MSE_complex
Baseline (test),0.0040286060948155275
UFRF prior (test),0.004020406298199961
