Model,MSE_complex
Baseline (test),0.011432392121608159
UFRF prior (test),0.011546315313895252
