Model,MSE_complex
Baseline (test),0.0159931998445032
UFRF prior (test),0.016065362066213597
