Model,MSE_complex
Baseline (test),0.4941393251446333
UFRF prior (test),0.4865590417787109
