{
  "input": "RCER71H106MWK1H03B_DC0V_25degC_series.s2p",
  "Sij": "S12",
  "Z0": 50.0,
  "train_points": 321,
  "test_points": 80,
  "baseline": {
    "model": "delay+poly_complex_logf(deg=3)",
    "tau": 4.5498156506844786e-10,
    "phi0": -0.12379751996079816,
    "train_MSE": 0.004348531635574357,
    "test_MSE": 0.0056874889867142755
  },
  "train_improvement_percent": 0.38108748519773555,
  "gate_threshold_percent": 2.0,
  "gated": false
}