{
  "input": "0603CT_30N.s2p",
  "Sij": "S11",
  "Z0": 50.0,
  "train_points": 697,
  "test_points": 175,
  "baseline": {
    "model": "RLC series -> \u0393",
    "R": 100.0,
    "L": 1e-08,
    "C": 5e-12,
    "train_MSE": 0.6968603749334632,
    "test_MSE": 0.696817313218735
  },
  "ufrf_prior": {
    "R": 150.0,
    "L": 1.5000000000000002e-08,
    "C": 7.5e-12,
    "a": 0.2,
    "phi": 3.141592653589793,
    "train_MSE": 0.607227224945132,
    "test_MSE": 0.6075095309687861,
    "improvement_percent": 12.816527453575858
  }
}