Model,MSE_complex
Baseline (test),0.15641705509279705
UFRF prior (test),0.15675207663420157
