{
  "input": "NFZ5BBW310LN10_series.s2p",
  "Sij": "S11",
  "Z0": 50.0,
  "train_points": 320,
  "test_points": 81,
  "baseline": {
    "model": "RLC series -> \u0393",
    "R": 88.35294117647058,
    "L": 3.4000000000000007e-09,
    "C": 2.44e-12,
    "train_MSE": 0.15262184744579824,
    "test_MSE": 0.15641705509279705
  },
  "ufrf_prior": {
    "R": 82.04201680672267,
    "L": 4.12857142857143e-09,
    "C": 2.2657142857142856e-12,
    "a": 0.04,
    "phi": 5.654866776461628,
    "train_MSE": 0.15281817616466542,
    "test_MSE": 0.15675207663420157,
    "improvement_percent": -0.2141847902747984
  }
}