Model,MSE_complex
Baseline (test),0.00045038444334028274
UFRF prior (test),0.00045166890160906444
