Model,MSE_complex
Baseline (test),0.014709373841214585
UFRF prior (test),0.014749787048231582
