{
  "input": "GRM31CR60J227ME11_DC0V_25degC_series.s2p",
  "Sij": "S21",
  "split": "block",
  "test_points": 80,
  "deg": 3,
  "ridge": 0.001,
  "n_cycles": 13,
  "gate": 0.02,
  "Z0": 50.0,
  "baseline_test_MSE": 0.13753586878197338,
  "ufrf_test_MSE": 0.13753586878197338,
  "improvement_percent": 0.0,
  "train_gain_used": 0.005283717984539526,
  "used_ufrf": false,
  "tau_est": 2.08420487497194e-11,
  "phi0_est": 0.008906376079204668
}