{
  "input": "LQP15MN2N3W02_series.s2p",
  "Sij": "S22",
  "Z0": 50.0,
  "train_points": 321,
  "test_points": 80,
  "baseline": {
    "model": "RLC series -> \u0393",
    "R": 76.70588235294117,
    "L": 3.4000000000000007e-09,
    "C": 5e-12,
    "train_MSE": 0.2972632329454602,
    "test_MSE": 0.2966327852697186
  },
  "ufrf_prior": {
    "R": 71.22689075630252,
    "L": 3.157142857142858e-09,
    "C": 7.5e-12,
    "a": 0.2,
    "phi": 3.7699111843077517,
    "train_MSE": 0.23513021467025333,
    "test_MSE": 0.24239182565453882,
    "improvement_percent": 18.285557871109972
  }
}