Model,MSE_complex
Baseline (test),0.016543126868687093
UFRF prior (test),0.01580564610388997
