{
  "input": "KCM55WR71E686MH01_DC0V_25degC_series.s2p",
  "Sij": "S12",
  "Z0": 50.0,
  "train_points": 321,
  "test_points": 80,
  "baseline": {
    "model": "delay+poly_complex_logf(deg=3)",
    "tau": -2.690985975762097e-12,
    "phi0": -0.0026922214540175873,
    "train_MSE": 0.011487622551262636,
    "test_MSE": 0.016543126868687093
  },
  "train_improvement_percent": 4.044545391563579,
  "gate_threshold_percent": 2.0,
  "gated": true,
  "ufrf_prior": {
    "model": "delay+poly+UF(deg=3,13-cycles)",
    "ridge": 0.001,
    "train_MSE": 0.011023000442765324,
    "test_MSE": 0.01580564610388997,
    "improvement_percent": 4.457928483840806
  }
}