{
  "input": "0603CT_36N.s2p",
  "Sij": "S21",
  "split": "block",
  "test_points": 173,
  "deg": 3,
  "ridge": 0.001,
  "n_cycles": 13,
  "gate": 0.02,
  "Z0": 50.0,
  "baseline_test_MSE": 0.21126432508249823,
  "ufrf_test_MSE": 0.21126432508249823,
  "improvement_percent": 0.0,
  "train_gain_used": 0.004264005829950309,
  "used_ufrf": false,
  "tau_est": 2.367945687055487e-10,
  "phi0_est": -0.033329053269857155
}