{
  "input": "GRM32EC70J107ME15_DC0V_25degC_series.s2p",
  "Sij": "S21",
  "split": "block",
  "test_points": 80,
  "deg": 3,
  "ridge": 0.001,
  "n_cycles": 13,
  "gate": 0.02,
  "Z0": 50.0,
  "baseline_test_MSE": 0.3956737798719413,
  "ufrf_test_MSE": 0.3956737798719413,
  "improvement_percent": 0.0,
  "train_gain_used": 0.005215056190344152,
  "used_ufrf": false,
  "tau_est": 3.968064993563116e-11,
  "phi0_est": 0.019278585916497497
}