Model,MSE_complex
Baseline (test),0.008509848017594936
UFRF prior (test),0.008535687765687801
