Model,MSE_complex
Baseline (test),0.8785182319412967
UFRF prior (test),0.8609736849627396
