{
  "input": "0603CT_56N.s2p",
  "Sij": "S11",
  "Z0": 50.0,
  "train_points": 692,
  "test_points": 173,
  "baseline": {
    "model": "RLC series -> \u0393",
    "R": 100.0,
    "L": 1e-10,
    "C": 2e-13,
    "train_MSE": 0.6665637200374013,
    "test_MSE": 0.6967482341522508
  },
  "ufrf_prior": {
    "R": 150.0,
    "L": 5e-11,
    "C": 1e-13,
    "a": 0.04,
    "phi": 3.141592653589793,
    "train_MSE": 0.6462390616842254,
    "test_MSE": 0.6767012283028165,
    "improvement_percent": 2.8772237756477343
  }
}