Model,MSE_complex
Baseline (test),0.00042893317364442305
UFRF prior (test),0.00042701278575322876
