{
  "input": "0603CT_12N.s2p",
  "Sij": "S22",
  "Z0": 50.0,
  "train_points": 724,
  "test_points": 181,
  "baseline": {
    "model": "RLC series -> \u0393",
    "R": 100.0,
    "L": 1e-08,
    "C": 5e-12,
    "train_MSE": 0.6198975946984647,
    "test_MSE": 0.6668468200004842
  },
  "ufrf_prior": {
    "R": 92.85714285714286,
    "L": 1.5000000000000002e-08,
    "C": 7.5e-12,
    "a": 0.2,
    "phi": 4.39822971502571,
    "train_MSE": 0.5587706054120106,
    "test_MSE": 0.6254208196771954,
    "improvement_percent": 6.212221319921526
  }
}