{
  "input": "NFZ5BBW610LZ10_series.s2p",
  "Sij": "S11",
  "Z0": 50.0,
  "train_points": 320,
  "test_points": 81,
  "baseline": {
    "model": "RLC series -> \u0393",
    "R": 88.35294117647058,
    "L": 4.0600000000000005e-09,
    "C": 2.76e-12,
    "train_MSE": 0.08720399132449545,
    "test_MSE": 0.09081370696125707
  },
  "ufrf_prior": {
    "R": 94.66386554621846,
    "L": 4.35e-09,
    "C": 2.562857142857143e-12,
    "a": 0.04,
    "phi": 5.654866776461628,
    "train_MSE": 0.08734284816874503,
    "test_MSE": 0.09090964310331646,
    "improvement_percent": -0.10564059685431086
  }
}