{
  "input": "RDEC71H475K2M1H03A_DC0V_25degC_series.s2p",
  "Sij": "S12",
  "Z0": 50.0,
  "train_points": 321,
  "test_points": 80,
  "baseline": {
    "model": "delay+poly_complex_logf(deg=3)",
    "tau": 6.872186826393575e-10,
    "phi0": -0.193587527976747,
    "train_MSE": 0.006911210130944021,
    "test_MSE": 0.008759850102044034
  },
  "train_improvement_percent": 0.4143317988119381,
  "gate_threshold_percent": 2.0,
  "gated": false
}