Model,MSE_complex
Baseline (test),0.6543766012289318
UFRF prior (test),0.6061704627290863
