{
  "input": "BLE18PK160SN1_series.s2p",
  "Sij": "S11",
  "Z0": 50.0,
  "train_points": 320,
  "test_points": 81,
  "baseline": {
    "model": "RLC series -> \u0393",
    "R": 100.0,
    "L": 2.7400000000000005e-09,
    "C": 5e-12,
    "train_MSE": 0.6556576430983075,
    "test_MSE": 0.6543766012289318
  },
  "ufrf_prior": {
    "R": 150.0,
    "L": 2.9357142857142865e-09,
    "C": 7.5e-12,
    "a": 0.2,
    "phi": 5.654866776461628,
    "train_MSE": 0.6068795675599836,
    "test_MSE": 0.6061704627290863,
    "improvement_percent": 7.3667271123865845
  }
}