{
  "input": "NFZ32SW301HN10_series.s2p",
  "Sij": "S12",
  "Z0": 50.0,
  "train_points": 321,
  "test_points": 80,
  "baseline": {
    "model": "delay+poly_complex_logf(deg=3)",
    "tau": -1.0687090106163042e-10,
    "phi0": 0.2973902908684395,
    "train_MSE": 0.03143816423870245,
    "test_MSE": 0.03765692113997764
  },
  "train_improvement_percent": 0.4671439513933115,
  "gate_threshold_percent": 2.0,
  "gated": false
}