{
  "input": "RCER71E475K2DBH03A_DC0V_25degC_series.s2p",
  "Sij": "S12",
  "Z0": 50.0,
  "train_points": 321,
  "test_points": 80,
  "baseline": {
    "model": "delay+poly_complex_logf(deg=3)",
    "tau": 6.755660076247148e-10,
    "phi0": -0.19354232251370623,
    "train_MSE": 0.006900272436755544,
    "test_MSE": 0.008744092751800672
  },
  "train_improvement_percent": 0.41565830930859426,
  "gate_threshold_percent": 2.0,
  "gated": false
}