{
  "input": "0603CT_10N.s2p",
  "Sij": "S12",
  "Z0": 50.0,
  "train_points": 729,
  "test_points": 182,
  "baseline": {
    "model": "delay+poly_complex_logf(deg=3)",
    "tau": 2.7153996654249727e-11,
    "phi0": 0.1324467230207918,
    "train_MSE": 0.004103477047778666,
    "test_MSE": 0.004157151313919669
  },
  "train_improvement_percent": 0.09024156415060912,
  "gate_threshold_percent": 2.0,
  "gated": false
}