{
  "input": "RHEL81E106K3K1H03B_DC0V_25degC_series.s2p",
  "Sij": "S21",
  "split": "block",
  "test_points": 80,
  "deg": 3,
  "ridge": 0.001,
  "n_cycles": 13,
  "gate": 0.02,
  "Z0": 50.0,
  "baseline_test_MSE": 2.0292466687094466,
  "ufrf_test_MSE": 2.0292466687094466,
  "improvement_percent": 0.0,
  "train_gain_used": 0.0014009113327460541,
  "used_ufrf": false,
  "tau_est": 6.243025985114931e-09,
  "phi0_est": 0.12502360801551143
}