{
  "input": "RHEL81E106K3DBH03A_DC0V_25degC_series.s2p",
  "Sij": "S12",
  "Z0": 50.0,
  "train_points": 321,
  "test_points": 80,
  "baseline": {
    "model": "delay+poly_complex_logf(deg=3)",
    "tau": 4.259983911304687e-10,
    "phi0": -0.11699497559658699,
    "train_MSE": 0.004060307287395097,
    "test_MSE": 0.005350582034666369
  },
  "train_improvement_percent": 0.3672125553773754,
  "gate_threshold_percent": 2.0,
  "gated": false
}