Model,MSE_complex
Baseline (test),0.6067381930074749
UFRF prior (test),0.5641353747141541
