{
  "input": "0603CT_7N2.s2p",
  "Sij": "S11",
  "Z0": 50.0,
  "train_points": 739,
  "test_points": 185,
  "baseline": {
    "model": "RLC series -> \u0393",
    "R": 94.17647058823529,
    "L": 1e-08,
    "C": 5e-12,
    "train_MSE": 0.6049339054849995,
    "test_MSE": 0.6067381930074749
  },
  "ufrf_prior": {
    "R": 87.44957983193277,
    "L": 1.3571428571428573e-08,
    "C": 7.5e-12,
    "a": 0.2,
    "phi": 3.141592653589793,
    "train_MSE": 0.5622532646428678,
    "test_MSE": 0.5641353747141541,
    "improvement_percent": 7.021614723501663
  }
}