{
  "input": "04AF201.s2p",
  "Sij": "S22",
  "Z0": 50.0,
  "train_points": 282,
  "test_points": 70,
  "baseline": {
    "model": "RLC series -> \u0393",
    "R": 100.0,
    "L": 1e-10,
    "C": 2e-13,
    "train_MSE": 0.5526466702696805,
    "test_MSE": 0.552611414732251
  },
  "ufrf_prior": {
    "R": 150.0,
    "L": 5e-11,
    "C": 1e-13,
    "a": 0.08,
    "phi": 3.141592653589793,
    "train_MSE": 0.5439527329908648,
    "test_MSE": 0.5437447235710543,
    "improvement_percent": 1.6045074214568482
  }
}