Model,MSE_complex
Baseline (test),0.01026431468651076
UFRF prior (test),0.010239219571559334
