{
  "input": "04AF720.s2p",
  "Sij": "S12",
  "Z0": 50.0,
  "train_points": 152,
  "test_points": 37,
  "baseline": {
    "model": "delay+poly_complex_logf(deg=3)",
    "tau": 1.8715706675732536e-12,
    "phi0": 0.2814435478006524,
    "train_MSE": 0.008532804133852559,
    "test_MSE": 0.008927222122654899
  },
  "train_improvement_percent": 0.23156676860439684,
  "gate_threshold_percent": 2.0,
  "gated": false
}