Model,MSE_complex
Baseline (test),0.4306191190028856
UFRF prior (test),0.4099395998752536
