{
  "input": "04AF390.s2p",
  "Sij": "S12",
  "Z0": 50.0,
  "train_points": 152,
  "test_points": 37,
  "baseline": {
    "model": "delay+poly_complex_logf(deg=3)",
    "tau": 8.794979657168226e-12,
    "phi0": 0.19015156001406047,
    "train_MSE": 0.005378482746857447,
    "test_MSE": 0.005615989240016949
  },
  "train_improvement_percent": 0.19714178746843425,
  "gate_threshold_percent": 2.0,
  "gated": false
}