{
  "input": "RCER71H335K3M1H03A_DC0V_25degC_series.s2p",
  "Sij": "S12",
  "Z0": 50.0,
  "train_points": 321,
  "test_points": 80,
  "baseline": {
    "model": "delay+poly_complex_logf(deg=3)",
    "tau": 8.250327271414795e-10,
    "phi0": -0.23342142964985477,
    "train_MSE": 0.008073778883237074,
    "test_MSE": 0.010299689649932883
  },
  "train_improvement_percent": 0.3624503342318628,
  "gate_threshold_percent": 2.0,
  "gated": false
}