Model,MSE_complex
Baseline (test),0.5001911318041318
UFRF prior (test),0.4846424972337755
