Model,MSE_complex
Baseline (test),0.009948377666541348
UFRF prior (test),0.00994855342523602
