{
  "input": "04AF510.s2p",
  "Sij": "S21",
  "split": "block",
  "test_points": 37,
  "deg": 3,
  "ridge": 0.001,
  "n_cycles": 13,
  "gate": 0.02,
  "Z0": 50.0,
  "baseline_test_MSE": 0.18322313576066065,
  "ufrf_test_MSE": 0.18322313576066065,
  "improvement_percent": 0.0,
  "train_gain_used": 0.003696483309743384,
  "used_ufrf": false,
  "tau_est": 1.7635898439450521e-10,
  "phi0_est": -0.0708315155524245
}