{
  "input": "LQP15MN1N9W02_series.s2p",
  "Sij": "S21",
  "split": "block",
  "test_points": 80,
  "deg": 3,
  "ridge": 0.001,
  "n_cycles": 13,
  "gate": 0.02,
  "Z0": 50.0,
  "baseline_test_MSE": 0.9754130757690558,
  "ufrf_test_MSE": 0.9754130757690558,
  "improvement_percent": 0.0,
  "train_gain_used": 0.0036225072060869423,
  "used_ufrf": false,
  "tau_est": 1.4580348451903997e-11,
  "phi0_est": -0.0019227201528322468
}