{
  "input": "RDEC71E476MWK1H03B_DC0V_25degC_series.s2p",
  "Sij": "S21",
  "split": "block",
  "test_points": 80,
  "deg": 3,
  "ridge": 0.001,
  "n_cycles": 13,
  "gate": 0.02,
  "Z0": 50.0,
  "baseline_test_MSE": 0.5775091497273449,
  "ufrf_test_MSE": 0.5775091497273449,
  "improvement_percent": 0.0,
  "train_gain_used": 0.003322832135712754,
  "used_ufrf": false,
  "tau_est": 2.7245339352698984e-09,
  "phi0_est": 0.053867062872940456
}