Model,MSE_complex
Baseline (test),0.38146063139284664
UFRF prior (test),0.381630821952599
