{
  "input": "NFZ5BBW4R5LZ10_series.s2p",
  "Sij": "S11",
  "Z0": 50.0,
  "train_points": 320,
  "test_points": 81,
  "baseline": {
    "model": "RLC series -> \u0393",
    "R": 94.17647058823529,
    "L": 4.720000000000001e-09,
    "C": 1.48e-12,
    "train_MSE": 0.3797302253194154,
    "test_MSE": 0.38146063139284664
  },
  "ufrf_prior": {
    "R": 100.9033613445378,
    "L": 5.057142857142858e-09,
    "C": 1.3742857142857143e-12,
    "a": 0.04,
    "phi": 5.654866776461628,
    "train_MSE": 0.3799270843804099,
    "test_MSE": 0.381630821952599,
    "improvement_percent": -0.04461549783812411
  }
}