tolerance_delta,hits,hit_fraction,expected_coverage,enrichment_factor,p_value,neg_log10_p
0.03,17,0.4146341463414634,0.18666666666666676,2.2212543554006956,0.0006125198504860019,3.212879832160428
0.04,21,0.5121951219512195,0.22666666666666674,2.259684361549497,6.170439372045289e-05,4.209683910511173
0.05,22,0.5365853658536586,0.26666666666666666,2.0121951219512195,0.00022350098805063907,3.6507205526036692
0.06,22,0.5365853658536586,0.28666666666666657,1.871809415768577,0.0006763261986716298,3.169843789096693
0.07,22,0.5365853658536586,0.3066666666666666,1.749734888653235,0.0018177979121541642,2.7404543997249737
0.08,23,0.5609756097560976,0.3266666666666666,1.7172722747635645,0.0016730524026520252,2.776490456033304
