observing_run,n_events,hits,hit_fraction,p_value,neg_log10_p
O1,3,2,0.6666666666666666,0.1754074074074074,0.7559520704441239
O2,7,4,0.5714285714285714,0.08696929858253316,1.0606340325465171
O3a,31,16,0.5161290322580645,0.0026999402909612473,2.5686458401346357
Pooled,41,22,0.5365853658536586,0.00022350098805063907,3.6507205526036692
