Model,MSE_complex
Baseline (test),0.33246585398200346
UFRF prior (test),0.3325289090027078
