{
  "input": "LQP15MN4N7B02_series.s2p",
  "Sij": "S21",
  "split": "block",
  "test_points": 80,
  "deg": 3,
  "ridge": 0.001,
  "n_cycles": 13,
  "gate": 0.02,
  "Z0": 50.0,
  "baseline_test_MSE": 0.12902584443528634,
  "ufrf_test_MSE": 0.12902584443528634,
  "improvement_percent": 0.0,
  "train_gain_used": 0.0028286231933127314,
  "used_ufrf": false,
  "tau_est": 3.544458095714342e-11,
  "phi0_est": -0.02103763004977268
}