{
  "input": "LQG15HH1N0C02_series.s2p",
  "Sij": "S22",
  "Z0": 50.0,
  "train_points": 321,
  "test_points": 80,
  "baseline": {
    "model": "RLC series -> \u0393",
    "R": 76.70588235294117,
    "L": 2.0800000000000003e-09,
    "C": 5e-12,
    "train_MSE": 0.3490499239259351,
    "test_MSE": 0.37595049554174437
  },
  "ufrf_prior": {
    "R": 71.22689075630252,
    "L": 2.228571428571429e-09,
    "C": 7.5e-12,
    "a": 0.2,
    "phi": 5.026548245743669,
    "train_MSE": 0.2871333340795944,
    "test_MSE": 0.3190277000826455,
    "improvement_percent": 15.141034826160592
  }
}