Model,MSE_complex
Baseline (test),0.004744910344391347
UFRF prior (test),0.004745010977032222
