{
  "input": "NFZ5BBW4R5LN10_series.s2p",
  "Sij": "S21",
  "split": "block",
  "test_points": 80,
  "deg": 3,
  "ridge": 0.001,
  "n_cycles": 13,
  "gate": 0.02,
  "Z0": 50.0,
  "baseline_test_MSE": 2.754408283592114,
  "ufrf_test_MSE": 2.754408283592114,
  "improvement_percent": 0.0,
  "train_gain_used": 0.004554245212959752,
  "used_ufrf": false,
  "tau_est": -4.3837468137410966e-10,
  "phi0_est": -0.38855681643262624
}