Model,MSE_complex
Baseline (test),0.3013553899294725
UFRF prior (test),0.24219720673342934
