{
  "input": "LQP15MN3N3W02_series.s2p",
  "Sij": "S12",
  "Z0": 50.0,
  "train_points": 321,
  "test_points": 80,
  "baseline": {
    "model": "delay+poly_complex_logf(deg=3)",
    "tau": -3.85468805187982e-12,
    "phi0": 0.29110806894053226,
    "train_MSE": 0.018098326958570412,
    "test_MSE": 0.020052230609527592
  },
  "train_improvement_percent": 0.3109363858019921,
  "gate_threshold_percent": 2.0,
  "gated": false
}