Model,MSE_complex
Baseline (test),0.01111889433813179
UFRF prior (test),0.011231127982150996
