Model,MSE_complex
Baseline (test),0.5176804508738275
UFRF prior (test),0.4957014210173723
