{
  "input": "04AF181.s2p",
  "Sij": "S11",
  "Z0": 50.0,
  "train_points": 152,
  "test_points": 37,
  "baseline": {
    "model": "RLC series -> \u0393",
    "R": 100.0,
    "L": 1e-10,
    "C": 2e-13,
    "train_MSE": 0.5337106129452209,
    "test_MSE": 0.5176804508738275
  },
  "ufrf_prior": {
    "R": 150.0,
    "L": 5e-11,
    "C": 1e-13,
    "a": 0.04,
    "phi": 3.141592653589793,
    "train_MSE": 0.5186054913393986,
    "test_MSE": 0.4957014210173723,
    "improvement_percent": 4.245675072210154
  }
}