Model,MSE_complex
Baseline (test),0.015323223928615131
UFRF prior (test),0.015390848577421217
