{
  "input": "0603CT_5N6.s2p",
  "Sij": "S12",
  "Z0": 50.0,
  "train_points": 763,
  "test_points": 190,
  "baseline": {
    "model": "delay+poly_complex_logf(deg=3)",
    "tau": 1.706264695640425e-11,
    "phi0": 0.10924057196925249,
    "train_MSE": 0.0043031691967589875,
    "test_MSE": 0.00476974283449422
  },
  "train_improvement_percent": 0.1747744709549339,
  "gate_threshold_percent": 2.0,
  "gated": false
}