Model,MSE_complex
Baseline (test),0.0008714869131406523
UFRF prior (test),0.0010445846393841822
