Model,MSE_complex
Baseline (test),0.4254075354295779
UFRF prior (test),0.3726529330829987
