{
  "input": "LQP15MN33NG02_series.s2p",
  "Sij": "S11",
  "Z0": 50.0,
  "train_points": 320,
  "test_points": 81,
  "baseline": {
    "model": "RLC series -> \u0393",
    "R": 100.0,
    "L": 1e-10,
    "C": 2e-13,
    "train_MSE": 0.4239285062686487,
    "test_MSE": 0.4254075354295779
  },
  "ufrf_prior": {
    "R": 64.28571428571429,
    "L": 5e-11,
    "C": 1e-13,
    "a": 0.0,
    "phi": 0.0,
    "train_MSE": 0.37138443018116746,
    "test_MSE": 0.3726529330829987,
    "improvement_percent": 12.40095624853176
  }
}