{
  "input": "04AF141.s2p",
  "Sij": "S22",
  "Z0": 50.0,
  "train_points": 152,
  "test_points": 37,
  "baseline": {
    "model": "RLC series -> \u0393",
    "R": 100.0,
    "L": 1e-10,
    "C": 2e-13,
    "train_MSE": 0.5665479259927956,
    "test_MSE": 0.5416961870562613
  },
  "ufrf_prior": {
    "R": 150.0,
    "L": 5e-11,
    "C": 1e-13,
    "a": 0.0,
    "phi": 0.0,
    "train_MSE": 0.5509243708390412,
    "test_MSE": 0.5193060766428824,
    "improvement_percent": 4.1333335822527095
  }
}