Model,MSE_complex
Baseline (test),0.007782513469320062
UFRF prior (test),0.007793250060679842
