{
  "input": "0603CT_24N.s2p",
  "Sij": "S12",
  "Z0": 50.0,
  "train_points": 708,
  "test_points": 176,
  "baseline": {
    "model": "delay+poly_complex_logf(deg=3)",
    "tau": 3.358310510939262e-11,
    "phi0": 0.22583250938420257,
    "train_MSE": 0.006418209128567386,
    "test_MSE": 0.006234195638757934
  },
  "train_improvement_percent": 0.3470007418216339,
  "gate_threshold_percent": 2.0,
  "gated": false
}