Model,MSE_complex
Baseline (test),0.3380101442261269
UFRF prior (test),0.33746962698495087
