{
  "input": "NFZ5BBW7R6LZ10_series.s2p",
  "Sij": "S11",
  "Z0": 50.0,
  "train_points": 320,
  "test_points": 81,
  "baseline": {
    "model": "RLC series -> \u0393",
    "R": 59.23529411764706,
    "L": 3.4000000000000007e-09,
    "C": 5.2e-13,
    "train_MSE": 0.3359327247163086,
    "test_MSE": 0.3380101442261269
  },
  "ufrf_prior": {
    "R": 63.46638655462184,
    "L": 2.185714285714286e-09,
    "C": 6.314285714285714e-13,
    "a": 0.04,
    "phi": 2.5132741228718345,
    "train_MSE": 0.3354256578078239,
    "test_MSE": 0.33746962698495087,
    "improvement_percent": 0.15991154419745424
  }
}