Model,MSE_complex
Baseline (test),0.6837881904386232
UFRF prior (test),0.5990650002174729
