{
  "input": "0603CT_27N.s2p",
  "Sij": "S11",
  "Z0": 50.0,
  "train_points": 707,
  "test_points": 177,
  "baseline": {
    "model": "RLC series -> \u0393",
    "R": 100.0,
    "L": 1e-08,
    "C": 5e-12,
    "train_MSE": 0.6820254486127426,
    "test_MSE": 0.6837881904386232
  },
  "ufrf_prior": {
    "R": 150.0,
    "L": 1.5000000000000002e-08,
    "C": 7.5e-12,
    "a": 0.2,
    "phi": 3.141592653589793,
    "train_MSE": 0.5971458606784542,
    "test_MSE": 0.5990650002174729,
    "improvement_percent": 12.39026812773758
  }
}