{
  "input": "LQP15MN2N6W02_series.s2p",
  "Sij": "S12",
  "Z0": 50.0,
  "train_points": 321,
  "test_points": 80,
  "baseline": {
    "model": "delay+poly_complex_logf(deg=3)",
    "tau": 8.939378925957338e-13,
    "phi0": 0.21152269955455127,
    "train_MSE": 0.009209977815261273,
    "test_MSE": 0.010411117368985775
  },
  "train_improvement_percent": 0.29804447271959505,
  "gate_threshold_percent": 2.0,
  "gated": false
}