Model,MSE_complex
Baseline (test),0.3012241947087884
UFRF prior (test),0.24151642252965372
