Model,MSE_complex
Baseline (test),0.010489737906066356
UFRF prior (test),0.010464810146145434
