Model,MSE_complex
Baseline (test),0.3209794065926002
UFRF prior (test),0.2687058335704742
