Model,MSE_complex
Baseline (test),0.6639552996292928
UFRF prior (test),0.5862901871720673
