{
  "input": "04AF560.s2p",
  "Sij": "S11",
  "Z0": 50.0,
  "train_points": 151,
  "test_points": 38,
  "baseline": {
    "model": "RLC series -> \u0393",
    "R": 100.0,
    "L": 1e-08,
    "C": 5e-12,
    "train_MSE": 0.6554694018491921,
    "test_MSE": 0.6639552996292928
  },
  "ufrf_prior": {
    "R": 150.0,
    "L": 1.5000000000000002e-08,
    "C": 7.5e-12,
    "a": 0.2,
    "phi": 2.5132741228718345,
    "train_MSE": 0.5772125215028947,
    "test_MSE": 0.5862901871720673,
    "improvement_percent": 11.69734054394752
  }
}