{
  "input": "LQP15MN6N2B02_series.s2p",
  "Sij": "S21",
  "split": "block",
  "test_points": 80,
  "deg": 3,
  "ridge": 0.001,
  "n_cycles": 13,
  "gate": 0.02,
  "Z0": 50.0,
  "baseline_test_MSE": 0.1885545972962058,
  "ufrf_test_MSE": 0.1885545972962058,
  "improvement_percent": 0.0,
  "train_gain_used": 0.0038164638903884587,
  "used_ufrf": false,
  "tau_est": 4.2729555908096434e-11,
  "phi0_est": -0.03901189201433521
}