Model,MSE_complex
Baseline (test),0.2923847163251385
UFRF prior (test),0.23362603208577137
