{
  "input": "LQW18AN4N2B8Z_series.s2p",
  "Sij": "S11",
  "Z0": 50.0,
  "train_points": 320,
  "test_points": 81,
  "baseline": {
    "model": "RLC series -> \u0393",
    "R": 82.52941176470588,
    "L": 6.700000000000001e-09,
    "C": 5e-12,
    "train_MSE": 0.28942929882260654,
    "test_MSE": 0.2923847163251385
  },
  "ufrf_prior": {
    "R": 76.6344537815126,
    "L": 6.221428571428572e-09,
    "C": 7.5e-12,
    "a": 0.2,
    "phi": 3.141592653589793,
    "train_MSE": 0.23009505657967566,
    "test_MSE": 0.23362603208577137,
    "improvement_percent": 20.09635967908327
  }
}