Model,MSE_complex
Baseline (test),0.35955304457624104
UFRF prior (test),0.2988248480647827
