Model,MSE_complex
Baseline (test),0.0035437274135296537
UFRF prior (test),0.0035472493150443445
