Model,MSE_complex
Baseline (test),0.005999405091916389
UFRF prior (test),0.005980360243244723
