Model,MSE_complex
Baseline (test),0.8772184087487063
UFRF prior (test),0.8596956182161838
