Model,MSE_complex
Baseline (test),0.3020328791681861
UFRF prior (test),0.24930363670745176
