{
  "input": "LQP15MN3N1W02_series.s2p",
  "Sij": "S22",
  "Z0": 50.0,
  "train_points": 321,
  "test_points": 80,
  "baseline": {
    "model": "RLC series -> \u0393",
    "R": 76.70588235294117,
    "L": 4.720000000000001e-09,
    "C": 5e-12,
    "train_MSE": 0.29772356882866124,
    "test_MSE": 0.3020328791681861
  },
  "ufrf_prior": {
    "R": 71.22689075630252,
    "L": 4.3828571428571434e-09,
    "C": 7.5e-12,
    "a": 0.2,
    "phi": 3.7699111843077517,
    "train_MSE": 0.23753653338513553,
    "test_MSE": 0.24930363670745176,
    "improvement_percent": 17.458113370290466
  }
}