{
  "input": "0603CT_1N0.s2p",
  "Sij": "S12",
  "Z0": 50.0,
  "train_points": 819,
  "test_points": 204,
  "baseline": {
    "model": "delay+poly_complex_logf(deg=3)",
    "tau": 8.314418447008063e-12,
    "phi0": 0.009729787589461789,
    "train_MSE": 0.002345158689005819,
    "test_MSE": 0.003091566516991006
  },
  "train_improvement_percent": 0.5975989845471701,
  "gate_threshold_percent": 2.0,
  "gated": false
}