{
  "input": "LQP15MN3N2W02_series.s2p",
  "Sij": "S12",
  "Z0": 50.0,
  "train_points": 321,
  "test_points": 80,
  "baseline": {
    "model": "delay+poly_complex_logf(deg=3)",
    "tau": -3.1888101549134012e-12,
    "phi0": 0.2816218188907157,
    "train_MSE": 0.01657448893529379,
    "test_MSE": 0.018420683628288928
  },
  "train_improvement_percent": 0.3091325726693919,
  "gate_threshold_percent": 2.0,
  "gated": false
}