Model,MSE_complex
Baseline (test),0.3557887491474122
UFRF prior (test),0.2919815295788652
