{
  "input": "NFZ32BW9R8HZ11_series.s2p",
  "Sij": "S12",
  "Z0": 50.0,
  "train_points": 321,
  "test_points": 80,
  "baseline": {
    "model": "delay+poly_complex_logf(deg=3)",
    "tau": -1.072401790739699e-10,
    "phi0": 0.28510565502722945,
    "train_MSE": 0.029567031510564324,
    "test_MSE": 0.03746806952672177
  },
  "train_improvement_percent": 0.40970656451365844,
  "gate_threshold_percent": 2.0,
  "gated": false
}