{
  "input": "KCM55WC71E107MH13_DC0V_25degC_series.s2p",
  "Sij": "S11",
  "Z0": 50.0,
  "train_points": 321,
  "test_points": 80,
  "baseline": {
    "model": "RLC series -> \u0393",
    "R": 88.35294117647058,
    "L": 6.700000000000001e-09,
    "C": 5e-12,
    "train_MSE": 0.8595062951100529,
    "test_MSE": 0.8381167573203626
  },
  "ufrf_prior": {
    "R": 82.04201680672267,
    "L": 6.221428571428572e-09,
    "C": 7.5e-12,
    "a": 0.2,
    "phi": 0.0,
    "train_MSE": 0.8364317785287672,
    "test_MSE": 0.8257204307760204,
    "improvement_percent": 1.4790691674004808
  }
}