{
  "E0": 0.125,
  "E_final": 0.1018951965817426,
  "epsilon_final": 5.538171263877019e-05,
  "slope_energy": -35.152892155185306
}