Model,MSE_complex
Baseline (test),0.6669918422619869
UFRF prior (test),0.6109281188982717
