{
  "input": "NFZ32BW451HZ10_series.s2p",
  "Sij": "S12",
  "Z0": 50.0,
  "train_points": 321,
  "test_points": 80,
  "baseline": {
    "model": "delay+poly_complex_logf(deg=3)",
    "tau": -7.632738496324361e-11,
    "phi0": -0.07351779888953645,
    "train_MSE": 0.017941633774285485,
    "test_MSE": 0.021011229406616726
  },
  "train_improvement_percent": 0.4309361353919226,
  "gate_threshold_percent": 2.0,
  "gated": false
}