Model,MSE_complex
Baseline (test),0.5975498711784746
UFRF prior (test),0.5789804222991267
