{
  "input": "04AF720.s2p",
  "Sij": "S22",
  "Z0": 50.0,
  "train_points": 152,
  "test_points": 37,
  "baseline": {
    "model": "RLC series -> \u0393",
    "R": 100.0,
    "L": 1e-10,
    "C": 2e-13,
    "train_MSE": 0.6428137867517029,
    "test_MSE": 0.5975498711784746
  },
  "ufrf_prior": {
    "R": 150.0,
    "L": 5e-11,
    "C": 1e-13,
    "a": 0.0,
    "phi": 0.0,
    "train_MSE": 0.6293567695319879,
    "test_MSE": 0.5789804222991267,
    "improvement_percent": 3.1075981729735136
  }
}