Model,MSE_complex
Baseline (test),0.6008837310745647
UFRF prior (test),0.5441334300055253
