{
  "input": "04AF330.s2p",
  "Sij": "S11",
  "Z0": 50.0,
  "train_points": 152,
  "test_points": 37,
  "baseline": {
    "model": "RLC series -> \u0393",
    "R": 100.0,
    "L": 1e-08,
    "C": 5e-12,
    "train_MSE": 0.6571008013584261,
    "test_MSE": 0.6008837310745647
  },
  "ufrf_prior": {
    "R": 150.0,
    "L": 1.5000000000000002e-08,
    "C": 7.5e-12,
    "a": 0.2,
    "phi": 2.5132741228718345,
    "train_MSE": 0.5850589246951696,
    "test_MSE": 0.5441334300055253,
    "improvement_percent": 9.444472887883396
  }
}