Model,MSE_complex
Baseline (test),0.0008428344683693217
UFRF prior (test),0.000843063270163573
