Model,MSE_complex
Baseline (test),0.30380498184193233
UFRF prior (test),0.23690297384620107
