{
  "input": "LQP15MN1N2W02_series.s2p",
  "Sij": "S11",
  "Z0": 50.0,
  "train_points": 320,
  "test_points": 81,
  "baseline": {
    "model": "RLC series -> \u0393",
    "R": 70.88235294117646,
    "L": 1.4200000000000003e-09,
    "C": 5e-12,
    "train_MSE": 0.30138420504549157,
    "test_MSE": 0.30380498184193233
  },
  "ufrf_prior": {
    "R": 65.81932773109243,
    "L": 9.12857142857143e-10,
    "C": 7.5e-12,
    "a": 0.2,
    "phi": 3.141592653589793,
    "train_MSE": 0.23397740433612493,
    "test_MSE": 0.23690297384620107,
    "improvement_percent": 22.021366335111622
  }
}