Model,MSE_complex
Baseline (test),0.004784376315842488
UFRF prior (test),0.004606073341978934
