Model,MSE_complex
Baseline (test),0.0071474058190164474
UFRF prior (test),0.007164813969157767
