Model,MSE_complex
Baseline (test),0.28833248931168626
UFRF prior (test),0.28848371093717146
