Model,MSE_complex
Baseline (test),0.012670147767059626
UFRF prior (test),0.012693674557191175
