{
  "input": "NFZ32BW9R8HN11_series.s2p",
  "Sij": "S21",
  "split": "block",
  "test_points": 80,
  "deg": 3,
  "ridge": 0.001,
  "n_cycles": 13,
  "gate": 0.02,
  "Z0": 50.0,
  "baseline_test_MSE": 2.150657516275723,
  "ufrf_test_MSE": 2.150657516275723,
  "improvement_percent": 0.0,
  "train_gain_used": 0.0006638572782034675,
  "used_ufrf": false,
  "tau_est": -5.803914660143168e-10,
  "phi0_est": -0.5067145332888436
}