{
  "input": "RHEL81H475K3M1H03A_DC0V_25degC_series.s2p",
  "Sij": "S12",
  "Z0": 50.0,
  "train_points": 321,
  "test_points": 80,
  "baseline": {
    "model": "delay+poly_complex_logf(deg=3)",
    "tau": 6.810461012261968e-10,
    "phi0": -0.19182708493294984,
    "train_MSE": 0.006805760440832762,
    "test_MSE": 0.008624668058664086
  },
  "train_improvement_percent": 0.41580356702565596,
  "gate_threshold_percent": 2.0,
  "gated": false
}