{
  "input": "0603CT_33N.s2p",
  "Sij": "S12",
  "Z0": 50.0,
  "train_points": 696,
  "test_points": 173,
  "baseline": {
    "model": "delay+poly_complex_logf(deg=3)",
    "tau": 4.889539835610006e-11,
    "phi0": 0.24323667863781379,
    "train_MSE": 0.00627334147097054,
    "test_MSE": 0.006468903236172698
  },
  "train_improvement_percent": 0.12483607228714483,
  "gate_threshold_percent": 2.0,
  "gated": false
}