Model,MSE_complex
Baseline (test),0.09081370696125707
UFRF prior (test),0.09090964310331646
