Model,MSE_complex
Baseline (test),0.008369078606071436
UFRF prior (test),0.008394597125664085
