Model,MSE_complex
Baseline (test),0.0004368677656901486
UFRF prior (test),0.00043489898137175683
