{
  "input": "GRM32EC80G227ME05_DC0V_25degC_series.s2p",
  "Sij": "S21",
  "split": "block",
  "test_points": 80,
  "deg": 3,
  "ridge": 0.001,
  "n_cycles": 13,
  "gate": 0.02,
  "Z0": 50.0,
  "baseline_test_MSE": 0.11554207870898055,
  "ufrf_test_MSE": 0.11554207870898055,
  "improvement_percent": 0.0,
  "train_gain_used": 0.0052858586008651945,
  "used_ufrf": false,
  "tau_est": 1.8238923714126567e-11,
  "phi0_est": 0.007614947437851782
}