Model,MSE_complex
Baseline (test),0.005406479786142627
UFRF prior (test),0.005406720315989455
