{
  "input": "RCER71H335K3K1H03B_DC0V_25degC_series.s2p",
  "Sij": "S21",
  "split": "block",
  "test_points": 80,
  "deg": 3,
  "ridge": 0.001,
  "n_cycles": 13,
  "gate": 0.02,
  "Z0": 50.0,
  "baseline_test_MSE": 2.3493106961436268,
  "ufrf_test_MSE": 2.3493106961436268,
  "improvement_percent": 0.0,
  "train_gain_used": 0.006575486454324436,
  "used_ufrf": false,
  "tau_est": 9.65562411451999e-09,
  "phi0_est": 0.19412054759973477
}