Model,MSE_complex
Baseline (test),0.8237676369456338
UFRF prior (test),0.8016586177417424
