Model,MSE_complex
Baseline (test),0.002565218619742503
UFRF prior (test),0.0025511894759426786
