{
  "input": "0603CT_3N9.s2p",
  "Sij": "S21",
  "split": "block",
  "test_points": 192,
  "deg": 3,
  "ridge": 0.001,
  "n_cycles": 13,
  "gate": 0.02,
  "Z0": 50.0,
  "baseline_test_MSE": 1.1204540757551211,
  "ufrf_test_MSE": 1.1204540757551211,
  "improvement_percent": 0.0,
  "train_gain_used": 0.005650034750506737,
  "used_ufrf": false,
  "tau_est": 3.772986365325145e-11,
  "phi0_est": -0.0008054750949612628
}