Model,MSE_complex
Baseline (test),0.370196551066213
UFRF prior (test),0.37116763654845925
