{
  "input": "NFZ5BBW4R5LZ10_series.s2p",
  "Sij": "S22",
  "Z0": 50.0,
  "train_points": 321,
  "test_points": 80,
  "baseline": {
    "model": "RLC series -> \u0393",
    "R": 94.17647058823529,
    "L": 4.720000000000001e-09,
    "C": 1.48e-12,
    "train_MSE": 0.3825428634259703,
    "test_MSE": 0.370196551066213
  },
  "ufrf_prior": {
    "R": 87.44957983193277,
    "L": 4.3828571428571434e-09,
    "C": 1.5857142857142857e-12,
    "a": 0.0,
    "phi": 0.0,
    "train_MSE": 0.3827586128911006,
    "test_MSE": 0.37116763654845925,
    "improvement_percent": -0.26231618837327797
  }
}