Model,MSE_complex
Baseline (test),0.008879616143765751
UFRF prior (test),0.008996871037822566
