Model,MSE_complex
Baseline (test),0.5575947032209374
UFRF prior (test),0.5234498913210309
