{
  "input": "NFZ5BBW310LZ10_series.s2p",
  "Sij": "S22",
  "Z0": 50.0,
  "train_points": 321,
  "test_points": 80,
  "baseline": {
    "model": "RLC series -> \u0393",
    "R": 82.52941176470588,
    "L": 3.4000000000000007e-09,
    "C": 2.44e-12,
    "train_MSE": 0.1532891818666886,
    "test_MSE": 0.154147829130446
  },
  "ufrf_prior": {
    "R": 88.42436974789916,
    "L": 4.12857142857143e-09,
    "C": 2.2657142857142856e-12,
    "a": 0.04,
    "phi": 5.654866776461628,
    "train_MSE": 0.15340882929017427,
    "test_MSE": 0.15374029491350047,
    "improvement_percent": 0.26437882339598856
  }
}