{
  "input": "LQG15HH1N0C02_series.s2p",
  "Sij": "S21",
  "split": "block",
  "test_points": 80,
  "deg": 3,
  "ridge": 0.001,
  "n_cycles": 13,
  "gate": 0.02,
  "Z0": 50.0,
  "baseline_test_MSE": 0.8008498060281006,
  "ufrf_test_MSE": 0.8008498060281006,
  "improvement_percent": 0.0,
  "train_gain_used": 0.005642659378752522,
  "used_ufrf": false,
  "tau_est": 1.2602283830379638e-11,
  "phi0_est": 0.0017898790092696418
}