Model,MSE_complex
Baseline (test),0.9473866199671921
UFRF prior (test),0.9298285414817518
