{
  "input": "04AF200.s2p",
  "Sij": "S11",
  "Z0": 50.0,
  "train_points": 152,
  "test_points": 37,
  "baseline": {
    "model": "RLC series -> \u0393",
    "R": 100.0,
    "L": 1e-08,
    "C": 5e-12,
    "train_MSE": 0.6471696609595096,
    "test_MSE": 0.591689947010653
  },
  "ufrf_prior": {
    "R": 150.0,
    "L": 1.5000000000000002e-08,
    "C": 7.5e-12,
    "a": 0.2,
    "phi": 2.5132741228718345,
    "train_MSE": 0.5893247162874493,
    "test_MSE": 0.5518473939040028,
    "improvement_percent": 6.733687686928514
  }
}