Model,MSE_complex
Baseline (test),0.00850010283605494
UFRF prior (test),0.008526321921399028
