{
  "input": "LQP15MN1N0W02_series.s2p",
  "Sij": "S21",
  "split": "block",
  "test_points": 80,
  "deg": 3,
  "ridge": 0.001,
  "n_cycles": 13,
  "gate": 0.02,
  "Z0": 50.0,
  "baseline_test_MSE": 0.6184881410232344,
  "ufrf_test_MSE": 0.6184881410232344,
  "improvement_percent": 0.0,
  "train_gain_used": 0.0038318121047571426,
  "used_ufrf": false,
  "tau_est": 6.043064421031339e-12,
  "phi0_est": -0.00046652306738055756
}