Model,MSE_complex
Baseline (test),0.6328273831602461
UFRF prior (test),0.6037480817786464
