{
  "input": "0603CT_3N3.s2p",
  "Sij": "S22",
  "Z0": 50.0,
  "train_points": 780,
  "test_points": 194,
  "baseline": {
    "model": "RLC series -> \u0393",
    "R": 82.52941176470588,
    "L": 6.040000000000001e-09,
    "C": 5e-12,
    "train_MSE": 0.5671473292946725,
    "test_MSE": 0.6328273831602461
  },
  "ufrf_prior": {
    "R": 76.6344537815126,
    "L": 5.6085714285714295e-09,
    "C": 7.5e-12,
    "a": 0.2,
    "phi": 0.0,
    "train_MSE": 0.5261264432281043,
    "test_MSE": 0.6037480817786464,
    "improvement_percent": 4.595139552334483
  }
}