Model,MSE_complex
Baseline (test),0.2941721890723566
UFRF prior (test),0.29402499214507494
