Model,MSE_complex
Baseline (test),0.9059138347210144
UFRF prior (test),0.8883207675828391
