{
  "input": "LQP15MN2N9W02_series.s2p",
  "Sij": "S12",
  "Z0": 50.0,
  "train_points": 321,
  "test_points": 80,
  "baseline": {
    "model": "delay+poly_complex_logf(deg=3)",
    "tau": -1.0288876842502404e-12,
    "phi0": 0.24729054026511782,
    "train_MSE": 0.011675185767474271,
    "test_MSE": 0.013109545705543704
  },
  "train_improvement_percent": 0.2951447052071507,
  "gate_threshold_percent": 2.0,
  "gated": false
}