Model,MSE_complex
Baseline (test),0.9484764626406502
UFRF prior (test),0.9308808327465924
