Model,MSE_complex
Baseline (test),0.008654427283568394
UFRF prior (test),0.008680791177126449
