Model,MSE_complex
Baseline (test),0.6247469538837664
UFRF prior (test),0.5701380901438362
