{
  "input": "0603CT_11N.s2p",
  "Sij": "S11",
  "Z0": 50.0,
  "train_points": 726,
  "test_points": 182,
  "baseline": {
    "model": "RLC series -> \u0393",
    "R": 100.0,
    "L": 1e-08,
    "C": 5e-12,
    "train_MSE": 0.6237204832566695,
    "test_MSE": 0.6247469538837664
  },
  "ufrf_prior": {
    "R": 92.85714285714286,
    "L": 1.5000000000000002e-08,
    "C": 7.5e-12,
    "a": 0.2,
    "phi": 3.141592653589793,
    "train_MSE": 0.5689649235059859,
    "test_MSE": 0.5701380901438362,
    "improvement_percent": 8.740957182816478
  }
}