Model,MSE_complex
Baseline (test),0.9489627358079236
UFRF prior (test),0.9313673025419271
