{
  "input": "NFZ32SW301HN10_series.s2p",
  "Sij": "S11",
  "Z0": 50.0,
  "train_points": 321,
  "test_points": 80,
  "baseline": {
    "model": "RLC series -> \u0393",
    "R": 65.05882352941177,
    "L": 2.7400000000000005e-09,
    "C": 5.2e-13,
    "train_MSE": 0.43774425507688186,
    "test_MSE": 0.4221935322047414
  },
  "ufrf_prior": {
    "R": 60.411764705882355,
    "L": 2.544285714285715e-09,
    "C": 5.571428571428571e-13,
    "a": 0.04,
    "phi": 2.5132741228718345,
    "train_MSE": 0.43749863971857533,
    "test_MSE": 0.4220478808678978,
    "improvement_percent": 0.0344987134414329
  }
}