{
  "input": "LQP15MN1N1B02_series.s2p",
  "Sij": "S11",
  "Z0": 50.0,
  "train_points": 321,
  "test_points": 80,
  "baseline": {
    "model": "RLC series -> \u0393",
    "R": 65.05882352941177,
    "L": 7.600000000000001e-10,
    "C": 5e-12,
    "train_MSE": 0.3005420948817399,
    "test_MSE": 0.2979379999359099
  },
  "ufrf_prior": {
    "R": 69.70588235294119,
    "L": 9.22857142857143e-10,
    "C": 7.5e-12,
    "a": 0.2,
    "phi": 3.7699111843077517,
    "train_MSE": 0.23467769198719232,
    "test_MSE": 0.2389554693446044,
    "improvement_percent": 19.7969143257971
  }
}