{
  "input": "LQP15MN2N2W02_series.s2p",
  "Sij": "S11",
  "Z0": 50.0,
  "train_points": 321,
  "test_points": 80,
  "baseline": {
    "model": "RLC series -> \u0393",
    "R": 76.70588235294117,
    "L": 3.4000000000000007e-09,
    "C": 5e-12,
    "train_MSE": 0.2978386538002224,
    "test_MSE": 0.29623112578574906
  },
  "ufrf_prior": {
    "R": 71.22689075630252,
    "L": 3.157142857142858e-09,
    "C": 7.5e-12,
    "a": 0.2,
    "phi": 3.7699111843077517,
    "train_MSE": 0.23545164270829097,
    "test_MSE": 0.24181008850980681,
    "improvement_percent": 18.37114082174558
  }
}