{
  "input": "NFZ5BBW610LN10_series.s2p",
  "Sij": "S21",
  "split": "block",
  "test_points": 80,
  "deg": 3,
  "ridge": 0.001,
  "n_cycles": 13,
  "gate": 0.02,
  "Z0": 50.0,
  "baseline_test_MSE": 0.7920555440726296,
  "ufrf_test_MSE": 0.7920555440726296,
  "improvement_percent": 0.0,
  "train_gain_used": 0.002356774825709769,
  "used_ufrf": false,
  "tau_est": -6.082604100744e-10,
  "phi0_est": -0.6518550044974568
}