{
  "input": "LQP15MN2N1W02_series.s2p",
  "Sij": "S12",
  "Z0": 50.0,
  "train_points": 321,
  "test_points": 80,
  "baseline": {
    "model": "delay+poly_complex_logf(deg=3)",
    "tau": 7.481287977900085e-12,
    "phi0": 0.10403727413579063,
    "train_MSE": 0.002975245879915303,
    "test_MSE": 0.003377486201497533
  },
  "train_improvement_percent": 0.18381730931517465,
  "gate_threshold_percent": 2.0,
  "gated": false
}