Model,MSE_complex
Baseline (test),0.44072075816830647
UFRF prior (test),0.3567394627228046
