Model,MSE_complex
Baseline (test),0.00893939917084587
UFRF prior (test),0.009056235476812766
