Model,MSE_complex
Baseline (test),0.06568123165217785
UFRF prior (test),0.06539454348790805
