{
  "input": "NFZ32BW650HZ11_series.s2p",
  "Sij": "S11",
  "Z0": 50.0,
  "train_points": 321,
  "test_points": 80,
  "baseline": {
    "model": "RLC series -> \u0393",
    "R": 59.23529411764706,
    "L": 1e-10,
    "C": 1.48e-12,
    "train_MSE": 0.06994556468874116,
    "test_MSE": 0.06568123165217785
  },
  "ufrf_prior": {
    "R": 55.00420168067227,
    "L": 1.0714285714285713e-10,
    "C": 1.3742857142857143e-12,
    "a": 0.0,
    "phi": 0.0,
    "train_MSE": 0.06966356059342692,
    "test_MSE": 0.06539454348790805,
    "improvement_percent": 0.43648414784300626
  }
}