{
  "input": "GCM32ED70E107ME36_DC0V_25degC_series.s2p",
  "Sij": "S11",
  "Z0": 50.0,
  "train_points": 321,
  "test_points": 80,
  "baseline": {
    "model": "RLC series -> \u0393",
    "R": 76.70588235294117,
    "L": 1.4200000000000003e-09,
    "C": 5e-12,
    "train_MSE": 0.8285738545431213,
    "test_MSE": 0.8194472192352622
  },
  "ufrf_prior": {
    "R": 71.22689075630252,
    "L": 1.1157142857142858e-09,
    "C": 7.5e-12,
    "a": 0.2,
    "phi": 5.026548245743669,
    "train_MSE": 0.8042700339217203,
    "test_MSE": 0.8063617643057107,
    "improvement_percent": 1.5968636688722073
  }
}