Model,MSE_complex
Baseline (test),0.3140464097549421
UFRF prior (test),0.2581830641081724
