{
  "input": "LQP15MN4N7B02_series.s2p",
  "Sij": "S11",
  "Z0": 50.0,
  "train_points": 320,
  "test_points": 81,
  "baseline": {
    "model": "RLC series -> \u0393",
    "R": 82.52941176470588,
    "L": 8.68e-09,
    "C": 5e-12,
    "train_MSE": 0.3091013269078847,
    "test_MSE": 0.3140464097549421
  },
  "ufrf_prior": {
    "R": 76.6344537815126,
    "L": 8.06e-09,
    "C": 7.5e-12,
    "a": 0.2,
    "phi": 3.141592653589793,
    "train_MSE": 0.25267814127851523,
    "test_MSE": 0.2581830641081724,
    "improvement_percent": 17.78824527570979
  }
}