Model,MSE_complex
Baseline (test),0.009577566691476823
UFRF prior (test),0.009693143966878398
