Model,MSE_complex
Baseline (test),0.6328273831602406
UFRF prior (test),0.6037480817786438
