Model,MSE_complex
Baseline (test),0.31859957225586527
UFRF prior (test),0.25883389272353813
