{
  "input": "LQP15MN6N8B02_series.s2p",
  "Sij": "S11",
  "Z0": 50.0,
  "train_points": 320,
  "test_points": 81,
  "baseline": {
    "model": "RLC series -> \u0393",
    "R": 94.17647058823529,
    "L": 1e-08,
    "C": 5e-12,
    "train_MSE": 0.31348064586623925,
    "test_MSE": 0.31859957225586527
  },
  "ufrf_prior": {
    "R": 87.44957983193277,
    "L": 1.3571428571428573e-08,
    "C": 7.5e-12,
    "a": 0.2,
    "phi": 3.141592653589793,
    "train_MSE": 0.2532993154854537,
    "test_MSE": 0.25883389272353813,
    "improvement_percent": 18.758869985026127
  }
}