Model,MSE_complex
Baseline (test),0.9038417234379693
UFRF prior (test),0.8862485483220723
