Model,MSE_complex
Baseline (test),0.2955027341092828
UFRF prior (test),0.23779478250061487
