{
  "input": "LQP15MN1N9W02_series.s2p",
  "Sij": "S22",
  "Z0": 50.0,
  "train_points": 321,
  "test_points": 80,
  "baseline": {
    "model": "RLC series -> \u0393",
    "R": 70.88235294117646,
    "L": 2.0800000000000003e-09,
    "C": 5e-12,
    "train_MSE": 0.29652916936535334,
    "test_MSE": 0.2955027341092828
  },
  "ufrf_prior": {
    "R": 65.81932773109243,
    "L": 2.228571428571429e-09,
    "C": 7.5e-12,
    "a": 0.2,
    "phi": 3.7699111843077517,
    "train_MSE": 0.23263283503630325,
    "test_MSE": 0.23779478250061487,
    "improvement_percent": 19.528736944723626
  }
}