Model,MSE_complex
Baseline (test),0.5800137342785643
UFRF prior (test),0.5410004748327455
