Model,MSE_complex
Baseline (test),0.22908836860221077
UFRF prior (test),0.229979785360889
