{
  "input": "LQP15MN12NG02_series.s2p",
  "Sij": "S22",
  "Z0": 50.0,
  "train_points": 321,
  "test_points": 80,
  "baseline": {
    "model": "RLC series -> \u0393",
    "R": 100.0,
    "L": 1e-08,
    "C": 5e-12,
    "train_MSE": 0.35581929367181375,
    "test_MSE": 0.3651379258678464
  },
  "ufrf_prior": {
    "R": 92.85714285714286,
    "L": 1.5000000000000002e-08,
    "C": 7.5e-12,
    "a": 0.2,
    "phi": 3.7699111843077517,
    "train_MSE": 0.2660457797922125,
    "test_MSE": 0.28286738899527253,
    "improvement_percent": 22.53135898634366
  }
}