{
  "input": "04AF561.s2p",
  "Sij": "S11",
  "Z0": 50.0,
  "train_points": 151,
  "test_points": 38,
  "baseline": {
    "model": "RLC series -> \u0393",
    "R": 100.0,
    "L": 1e-10,
    "C": 2e-13,
    "train_MSE": 0.39368344208724476,
    "test_MSE": 0.402438663030495
  },
  "ufrf_prior": {
    "R": 150.0,
    "L": 5e-11,
    "C": 1e-13,
    "a": 0.08,
    "phi": 2.5132741228718345,
    "train_MSE": 0.37870521596811846,
    "test_MSE": 0.3885269702185773,
    "improvement_percent": 3.456847984524679
  }
}