Model,MSE_complex
Baseline (test),0.29141006624276933
UFRF prior (test),0.2912080771826318
