{
  "input": "NFZ32BW6R8HN11_series.s2p",
  "Sij": "S21",
  "split": "block",
  "test_points": 80,
  "deg": 3,
  "ridge": 0.001,
  "n_cycles": 13,
  "gate": 0.02,
  "Z0": 50.0,
  "baseline_test_MSE": 1.4236774776136063,
  "ufrf_test_MSE": 1.4236774776136063,
  "improvement_percent": 0.0,
  "train_gain_used": 0.003336239894851223,
  "used_ufrf": false,
  "tau_est": -4.895094893688375e-10,
  "phi0_est": -0.44309053009515503
}