Model,MSE_complex
Baseline (test),0.00792013790356853
UFRF prior (test),0.007690495537855842
