{
  "input": "KRM55WC71E107MH13_DC0V_25degC_series.s2p",
  "Sij": "S12",
  "Z0": 50.0,
  "train_points": 321,
  "test_points": 80,
  "baseline": {
    "model": "delay+poly_complex_logf(deg=3)",
    "tau": 1.820603721345812e-11,
    "phi0": -0.013014763527987496,
    "train_MSE": 0.004224240182244361,
    "test_MSE": 0.00792013790356853
  },
  "train_improvement_percent": 2.1690173832795354,
  "gate_threshold_percent": 2.0,
  "gated": true,
  "ufrf_prior": {
    "model": "delay+poly+UF(deg=3,13-cycles)",
    "ridge": 0.001,
    "train_MSE": 0.0041326156783800016,
    "test_MSE": 0.007690495537855842,
    "improvement_percent": 2.8994743337640543
  }
}