Model,MSE_complex
Baseline (test),0.3023209483372416
UFRF prior (test),0.24753100855682356
