{
  "input": "KCM55WR71E686MH01_DC0V_25degC_series.s2p",
  "Sij": "S21",
  "split": "block",
  "test_points": 80,
  "deg": 3,
  "ridge": 0.001,
  "n_cycles": 13,
  "gate": 0.02,
  "Z0": 50.0,
  "baseline_test_MSE": 0.508874688414347,
  "ufrf_test_MSE": 0.508874688414347,
  "improvement_percent": 0.0,
  "train_gain_used": 0.00523669682824598,
  "used_ufrf": false,
  "tau_est": 5.1230744695301725e-11,
  "phi0_est": 0.020448636882931137
}