{
  "input": "NFZ32BW6R8HZ11_series.s2p",
  "Sij": "S22",
  "Z0": 50.0,
  "train_points": 321,
  "test_points": 80,
  "baseline": {
    "model": "RLC series -> \u0393",
    "R": 53.41176470588235,
    "L": 1.4200000000000003e-09,
    "C": 8.400000000000001e-13,
    "train_MSE": 0.34788233516370026,
    "test_MSE": 0.33930580600491134
  },
  "ufrf_prior": {
    "R": 57.22689075630252,
    "L": 1.1157142857142858e-09,
    "C": 9.000000000000001e-13,
    "a": 0.0,
    "phi": 0.0,
    "train_MSE": 0.34774338109143244,
    "test_MSE": 0.33941631910091385,
    "improvement_percent": -0.03257035218575611
  }
}