Model,MSE_complex
Baseline (test),0.01352798445988566
UFRF prior (test),0.013559065053513541
