{
  "input": "04AF251.s2p",
  "Sij": "S21",
  "split": "block",
  "test_points": 37,
  "deg": 3,
  "ridge": 0.001,
  "n_cycles": 13,
  "gate": 0.02,
  "Z0": 50.0,
  "baseline_test_MSE": 0.02538768404824839,
  "ufrf_test_MSE": 0.02538768404824839,
  "improvement_percent": 0.0,
  "train_gain_used": 0.002829965395881334,
  "used_ufrf": false,
  "tau_est": 3.391325139980765e-10,
  "phi0_est": -0.21669597917233818
}