{
  "input": "LQG15HH1N1C02_series.s2p",
  "Sij": "S12",
  "Z0": 50.0,
  "train_points": 321,
  "test_points": 80,
  "baseline": {
    "model": "delay+poly_complex_logf(deg=3)",
    "tau": 7.422381038617472e-13,
    "phi0": 0.12402568991967207,
    "train_MSE": 0.04671704282075989,
    "test_MSE": 0.05271296870457502
  },
  "train_improvement_percent": 0.17497815214383777,
  "gate_threshold_percent": 2.0,
  "gated": false
}