{
  "input": "GRM21BC80E107ME15_DC0V_25degC_series.s2p",
  "Sij": "S11",
  "Z0": 50.0,
  "train_points": 321,
  "test_points": 80,
  "baseline": {
    "model": "RLC series -> \u0393",
    "R": 76.70588235294117,
    "L": 1.4200000000000003e-09,
    "C": 5e-12,
    "train_MSE": 0.8287653982255604,
    "test_MSE": 0.819945088281645
  },
  "ufrf_prior": {
    "R": 71.22689075630252,
    "L": 9.12857142857143e-10,
    "C": 7.5e-12,
    "a": 0.2,
    "phi": 5.026548245743669,
    "train_MSE": 0.8043176961338588,
    "test_MSE": 0.8063018330577194,
    "improvement_percent": 1.6639230381290198
  }
}