Model,MSE_complex
Baseline (test),0.0014129431791704938
UFRF prior (test),0.0014148421250937057
