{
  "input": "LQP15MN22NG02_series.s2p",
  "Sij": "S12",
  "Z0": 50.0,
  "train_points": 321,
  "test_points": 80,
  "baseline": {
    "model": "delay+poly_complex_logf(deg=3)",
    "tau": -1.9068617990680862e-11,
    "phi0": 0.4875227573036983,
    "train_MSE": 0.03426403057298093,
    "test_MSE": 0.03982682736927068
  },
  "train_improvement_percent": 0.37311614850525415,
  "gate_threshold_percent": 2.0,
  "gated": false
}