Model,MSE_complex
Baseline (test),8.454130738875119e-05
UFRF prior (test),8.419973317765594e-05
