Model,MSE_complex
Baseline (test),0.6130966165515607
UFRF prior (test),0.5448413887442666
