{
  "input": "LQP03TN0N6BZ2_series.s2p",
  "Sij": "S12",
  "Z0": 50.0,
  "train_points": 321,
  "test_points": 80,
  "baseline": {
    "model": "delay+poly_complex_logf(deg=3)",
    "tau": 2.6558365067493395e-12,
    "phi0": -0.00016136169405712707,
    "train_MSE": 1.3244282095426871e-05,
    "test_MSE": 1.760562226479454e-05
  },
  "train_improvement_percent": 0.5472429847953652,
  "gate_threshold_percent": 2.0,
  "gated": false
}