Model,MSE_complex
Baseline (test),0.010545000559009338
UFRF prior (test),0.010565153038078623
