Model,MSE_complex
Baseline (test),0.002238613563425043
UFRF prior (test),0.0017768039713483784
