{
  "input": "04AF560.s2p",
  "Sij": "S21",
  "split": "block",
  "test_points": 37,
  "deg": 3,
  "ridge": 0.001,
  "n_cycles": 13,
  "gate": 0.02,
  "Z0": 50.0,
  "baseline_test_MSE": 0.17280923691340525,
  "ufrf_test_MSE": 0.17280923691340525,
  "improvement_percent": 0.0,
  "train_gain_used": 0.002940018397106412,
  "used_ufrf": false,
  "tau_est": 1.677804437465579e-10,
  "phi0_est": -0.08381889686596632
}