Model,MSE_complex
Baseline (test),0.4231604345614553
UFRF prior (test),0.3088089941059905
