{
  "input": "LQP15MN1N1B02_series.s2p",
  "Sij": "S21",
  "split": "block",
  "test_points": 80,
  "deg": 3,
  "ridge": 0.001,
  "n_cycles": 13,
  "gate": 0.02,
  "Z0": 50.0,
  "baseline_test_MSE": 0.7615284805464031,
  "ufrf_test_MSE": 0.7615284805464031,
  "improvement_percent": 0.0,
  "train_gain_used": 0.0039300143200844,
  "used_ufrf": false,
  "tau_est": 7.035363910017399e-12,
  "phi0_est": -0.0005438561700288671
}