Model,MSE_complex
Baseline (test),0.29696032087424784
UFRF prior (test),0.23737728917052897
