Model,MSE_complex
Baseline (test),0.08479193176053193
UFRF prior (test),0.08594142672881011
