{
  "input": "NFZ5BBW610LZ10_series.s2p",
  "Sij": "S22",
  "Z0": 50.0,
  "train_points": 321,
  "test_points": 80,
  "baseline": {
    "model": "RLC series -> \u0393",
    "R": 88.35294117647058,
    "L": 4.0600000000000005e-09,
    "C": 2.76e-12,
    "train_MSE": 0.08871599048865364,
    "test_MSE": 0.08479193176053193
  },
  "ufrf_prior": {
    "R": 82.04201680672267,
    "L": 4.93e-09,
    "C": 2.562857142857143e-12,
    "a": 0.04,
    "phi": 5.654866776461628,
    "train_MSE": 0.088964431586951,
    "test_MSE": 0.08594142672881011,
    "improvement_percent": -1.3556655030865046
  }
}