{
  "input": "LQP15MN5N6B02_series.s2p",
  "Sij": "S12",
  "Z0": 50.0,
  "train_points": 321,
  "test_points": 80,
  "baseline": {
    "model": "delay+poly_complex_logf(deg=3)",
    "tau": -1.0632310296255393e-11,
    "phi0": 0.38998617768247384,
    "train_MSE": 0.03043560708553912,
    "test_MSE": 0.0336074624051812
  },
  "train_improvement_percent": 0.2971213917602658,
  "gate_threshold_percent": 2.0,
  "gated": false
}