Model,MSE_complex
Baseline (test),0.009307722467028984
UFRF prior (test),0.009426800126364559
