{
  "input": "LQG15HH12NH02_series.s2p",
  "Sij": "S11",
  "Z0": 50.0,
  "train_points": 320,
  "test_points": 81,
  "baseline": {
    "model": "RLC series -> \u0393",
    "R": 100.0,
    "L": 1e-10,
    "C": 5e-12,
    "train_MSE": 0.46609931138534416,
    "test_MSE": 0.46578547193775083
  },
  "ufrf_prior": {
    "R": 150.0,
    "L": 5e-11,
    "C": 7.5e-12,
    "a": 0.2,
    "phi": 3.141592653589793,
    "train_MSE": 0.36370886499537997,
    "test_MSE": 0.3639246965049002,
    "improvement_percent": 21.868602944847456
  }
}