Model,MSE_complex
Baseline (test),0.0009480496580678694
UFRF prior (test),0.0009385720630301492
