Model,MSE_complex
Baseline (test),0.00987213534763194
UFRF prior (test),0.009953901235561053
