{
  "input": "LQP15MN1N6W02_series.s2p",
  "Sij": "S21",
  "split": "block",
  "test_points": 80,
  "deg": 3,
  "ridge": 0.001,
  "n_cycles": 13,
  "gate": 0.02,
  "Z0": 50.0,
  "baseline_test_MSE": 1.0810403474212638,
  "ufrf_test_MSE": 1.0810403474212638,
  "improvement_percent": 0.0,
  "train_gain_used": 0.0036795605101143333,
  "used_ufrf": false,
  "tau_est": 1.1501889923395493e-11,
  "phi0_est": -0.0019224727414182557
}