{
  "input": "LQP15MN3N8W02_series.s2p",
  "Sij": "S11",
  "Z0": 50.0,
  "train_points": 321,
  "test_points": 80,
  "baseline": {
    "model": "RLC series -> \u0393",
    "R": 82.52941176470588,
    "L": 6.700000000000001e-09,
    "C": 5e-12,
    "train_MSE": 0.3080598092986233,
    "test_MSE": 0.3209794065926002
  },
  "ufrf_prior": {
    "R": 76.6344537815126,
    "L": 6.221428571428572e-09,
    "C": 7.5e-12,
    "a": 0.2,
    "phi": 3.7699111843077517,
    "train_MSE": 0.24960897979440574,
    "test_MSE": 0.2687058335704742,
    "improvement_percent": 16.28564697562474
  }
}