Model,MSE_complex
Baseline (test),0.7275025612586902
UFRF prior (test),0.7042475664747534
