Model,MSE_complex
Baseline (test),0.8200228232732242
UFRF prior (test),0.8071716553009776
