{
  "input": "LQP15MN9N1B02_series.s2p",
  "Sij": "S12",
  "Z0": 50.0,
  "train_points": 321,
  "test_points": 80,
  "baseline": {
    "model": "delay+poly_complex_logf(deg=3)",
    "tau": -1.4738136059574293e-11,
    "phi0": 0.4555265696008835,
    "train_MSE": 0.03257755298610384,
    "test_MSE": 0.036902053546296054
  },
  "train_improvement_percent": 0.302656237375673,
  "gate_threshold_percent": 2.0,
  "gated": false
}