{
  "input": "LQP15MN2N3W02_series.s2p",
  "Sij": "S21",
  "split": "block",
  "test_points": 80,
  "deg": 3,
  "ridge": 0.001,
  "n_cycles": 13,
  "gate": 0.02,
  "Z0": 50.0,
  "baseline_test_MSE": 0.7513887145016793,
  "ufrf_test_MSE": 0.7513887145016793,
  "improvement_percent": 0.0,
  "train_gain_used": 0.003423276306312676,
  "used_ufrf": false,
  "tau_est": 1.803781014358663e-11,
  "phi0_est": -0.0028523230338330673
}