Model,MSE_complex
Baseline (test),0.008510565616061467
UFRF prior (test),0.008536294128657716
