{
  "input": "NFZ32BW8R4HN11_series.s2p",
  "Sij": "S11",
  "Z0": 50.0,
  "train_points": 321,
  "test_points": 80,
  "baseline": {
    "model": "RLC series -> \u0393",
    "R": 70.88235294117646,
    "L": 7.600000000000001e-10,
    "C": 1.16e-12,
    "train_MSE": 0.31833398406435176,
    "test_MSE": 0.31441526420478305
  },
  "ufrf_prior": {
    "R": 65.81932773109243,
    "L": 1.1400000000000002e-09,
    "C": 1.077142857142857e-12,
    "a": 0.0,
    "phi": 0.0,
    "train_MSE": 0.3183724876556805,
    "test_MSE": 0.31422865953489487,
    "improvement_percent": 0.05934974892524345
  }
}