Model,MSE_complex
Baseline (test),0.012690656560655161
UFRF prior (test),0.012753579205686165
