Model,MSE_complex
Baseline (test),0.051013785415539324
UFRF prior (test),0.05041864081545153
