Model,MSE_complex
Baseline (test),0.015399315835294473
UFRF prior (test),0.015448120154373102
