{
  "input": "GRM32EB30J107ME16_DC0V_20degC_series.s2p",
  "Sij": "S12",
  "Z0": 50.0,
  "train_points": 321,
  "test_points": 80,
  "baseline": {
    "model": "delay+poly_complex_logf(deg=3)",
    "tau": 4.834983936380907e-12,
    "phi0": -0.01587857894055832,
    "train_MSE": 0.00029801202766934284,
    "test_MSE": 0.0004770914454841445
  },
  "train_improvement_percent": 0.12234697236207677,
  "gate_threshold_percent": 2.0,
  "gated": false
}