{
  "input": "0603CT_4N7.s2p",
  "Sij": "S21",
  "split": "block",
  "test_points": 193,
  "deg": 3,
  "ridge": 0.001,
  "n_cycles": 13,
  "gate": 0.02,
  "Z0": 50.0,
  "baseline_test_MSE": 1.0088834916707676,
  "ufrf_test_MSE": 1.0088834916707676,
  "improvement_percent": 0.0,
  "train_gain_used": 0.00537385042107865,
  "used_ufrf": false,
  "tau_est": 4.436054822767268e-11,
  "phi0_est": -0.0017362410207415906
}