{
  "input": "RDEC71E475K2S1H03A_DC0V_25degC_series.s2p",
  "Sij": "S22",
  "Z0": 50.0,
  "train_points": 321,
  "test_points": 80,
  "baseline": {
    "model": "RLC series -> \u0393",
    "R": 100.0,
    "L": 1e-08,
    "C": 5e-12,
    "train_MSE": 0.8959914985600471,
    "test_MSE": 0.9050242592890149
  },
  "ufrf_prior": {
    "R": 150.0,
    "L": 1.5000000000000002e-08,
    "C": 7.5e-12,
    "a": 0.2,
    "phi": 0.0,
    "train_MSE": 0.8845005784445135,
    "test_MSE": 0.8874513093948266,
    "improvement_percent": 1.941710370061627
  }
}