{
  "input": "NFZ5BBW140LZ10_series.s2p",
  "Sij": "S11",
  "Z0": 50.0,
  "train_points": 320,
  "test_points": 81,
  "baseline": {
    "model": "RLC series -> \u0393",
    "R": 82.52941176470588,
    "L": 2.7400000000000005e-09,
    "C": 2.44e-12,
    "train_MSE": 0.2530726584722632,
    "test_MSE": 0.25612007915051666
  },
  "ufrf_prior": {
    "R": 88.42436974789916,
    "L": 3.3271428571428583e-09,
    "C": 2.2657142857142856e-12,
    "a": 0.0,
    "phi": 0.0,
    "train_MSE": 0.25313645442954574,
    "test_MSE": 0.2562021894608242,
    "improvement_percent": -0.032059302253796135
  }
}