{
  "input": "LQP15MN2N5W02_series.s2p",
  "Sij": "S21",
  "split": "block",
  "test_points": 80,
  "deg": 3,
  "ridge": 0.001,
  "n_cycles": 13,
  "gate": 0.02,
  "Z0": 50.0,
  "baseline_test_MSE": 0.5074532710312901,
  "ufrf_test_MSE": 0.5074532710312901,
  "improvement_percent": 0.0,
  "train_gain_used": 0.0037464490811162047,
  "used_ufrf": false,
  "tau_est": 2.0605946647618733e-11,
  "phi0_est": -0.0009275530456411542
}