{
  "input": "NFZ32BW520HZ11_series.s2p",
  "Sij": "S12",
  "Z0": 50.0,
  "train_points": 321,
  "test_points": 80,
  "baseline": {
    "model": "delay+poly_complex_logf(deg=3)",
    "tau": -1.0154590811633289e-10,
    "phi0": 0.24379121768947895,
    "train_MSE": 0.02071948954917528,
    "test_MSE": 0.023813871184987113
  },
  "train_improvement_percent": 0.5308481913315408,
  "gate_threshold_percent": 2.0,
  "gated": false
}