{
  "input": "04AF101.s2p",
  "Sij": "S21",
  "split": "block",
  "test_points": 30,
  "deg": 3,
  "ridge": 0.001,
  "n_cycles": 13,
  "gate": 0.02,
  "Z0": 50.0,
  "baseline_test_MSE": 0.2751047745083998,
  "ufrf_test_MSE": 0.2751047745083998,
  "improvement_percent": 0.0,
  "train_gain_used": 0.005335301393463209,
  "used_ufrf": false,
  "tau_est": 6.196870361745327e-10,
  "phi0_est": -0.0321351644900365
}