Model,MSE_complex
Baseline (test),0.46578547193775083
UFRF prior (test),0.3639246965049002
