Model,MSE_complex
Baseline (test),0.008495474342833414
UFRF prior (test),0.008521037855854247
