Model,MSE_complex
Baseline (test),0.3100625349979908
UFRF prior (test),0.2531387727399936
