Model,MSE_complex
Baseline (test),0.016057956758740617
UFRF prior (test),0.01611498889967099
