{
  "input": "0603CT_4N3.s2p",
  "Sij": "S22",
  "Z0": 50.0,
  "train_points": 769,
  "test_points": 192,
  "baseline": {
    "model": "RLC series -> \u0393",
    "R": 88.35294117647058,
    "L": 8.02e-09,
    "C": 5e-12,
    "train_MSE": 0.5797500238440692,
    "test_MSE": 0.6074729150445177
  },
  "ufrf_prior": {
    "R": 82.04201680672267,
    "L": 7.4471428571428564e-09,
    "C": 7.5e-12,
    "a": 0.2,
    "phi": 3.141592653589793,
    "train_MSE": 0.5380851600874784,
    "test_MSE": 0.579892409887573,
    "improvement_percent": 4.540203270613896
  }
}