{
  "input": "NFZ32BW8R4HZ11_series.s2p",
  "Sij": "S12",
  "Z0": 50.0,
  "train_points": 321,
  "test_points": 80,
  "baseline": {
    "model": "delay+poly_complex_logf(deg=3)",
    "tau": -9.506772046888011e-11,
    "phi0": 0.2688097175257517,
    "train_MSE": 0.028817145536212896,
    "test_MSE": 0.03481106854911975
  },
  "train_improvement_percent": 0.3175813179040582,
  "gate_threshold_percent": 2.0,
  "gated": false
}