{
  "input": "0603CT_24N.s2p",
  "Sij": "S22",
  "Z0": 50.0,
  "train_points": 708,
  "test_points": 176,
  "baseline": {
    "model": "RLC series -> \u0393",
    "R": 100.0,
    "L": 1e-08,
    "C": 5e-12,
    "train_MSE": 0.6753949145253315,
    "test_MSE": 0.6855757615449791
  },
  "ufrf_prior": {
    "R": 150.0,
    "L": 1.5000000000000002e-08,
    "C": 7.5e-12,
    "a": 0.2,
    "phi": 0.6283185307179586,
    "train_MSE": 0.5907723828374809,
    "test_MSE": 0.6200523067525631,
    "improvement_percent": 9.557434563432594
  }
}