{
  "input": "RDEC71E476MWK1H03B_DC0V_25degC_series.s2p",
  "Sij": "S12",
  "Z0": 50.0,
  "train_points": 321,
  "test_points": 80,
  "baseline": {
    "model": "delay+poly_complex_logf(deg=3)",
    "tau": 1.954582195154344e-10,
    "phi0": -0.04324652503072381,
    "train_MSE": 0.000811995303849544,
    "test_MSE": 0.0012111615165043606
  },
  "train_improvement_percent": 0.14856145415794972,
  "gate_threshold_percent": 2.0,
  "gated": false
}