Model,MSE_complex
Baseline (test),0.004659521088759143
UFRF prior (test),0.00465879577359809
