Model,MSE_complex
Baseline (test),0.0163451691579458
UFRF prior (test),0.016419598960796023
