Model,MSE_complex
Baseline (test),0.6287807158987008
UFRF prior (test),0.6002579653184068
