Model,MSE_complex
Baseline (test),0.015215077307996724
UFRF prior (test),0.015361219234071175
