Model,MSE_complex
Baseline (test),0.015193539868732531
UFRF prior (test),0.015349650241099322
