Model,MSE_complex
Baseline (test),0.2966327852697186
UFRF prior (test),0.24239182565453882
