{
  "input": "LQP15MN3N3B02_series.s2p",
  "Sij": "S21",
  "split": "block",
  "test_points": 80,
  "deg": 3,
  "ridge": 0.001,
  "n_cycles": 13,
  "gate": 0.02,
  "Z0": 50.0,
  "baseline_test_MSE": 0.3101107233426993,
  "ufrf_test_MSE": 0.3101107233426993,
  "improvement_percent": 0.0,
  "train_gain_used": 0.002752705742933993,
  "used_ufrf": false,
  "tau_est": 2.620388597521199e-11,
  "phi0_est": -0.008611030441668234
}