Model,MSE_complex
Baseline (test),0.6376949690067206
UFRF prior (test),0.6098183156810086
