{
  "input": "0603CT_7N2.s2p",
  "Sij": "S22",
  "Z0": 50.0,
  "train_points": 740,
  "test_points": 184,
  "baseline": {
    "model": "RLC series -> \u0393",
    "R": 94.17647058823529,
    "L": 1e-08,
    "C": 5e-12,
    "train_MSE": 0.5972389831926467,
    "test_MSE": 0.6376949690067206
  },
  "ufrf_prior": {
    "R": 87.44957983193277,
    "L": 1.3571428571428573e-08,
    "C": 7.5e-12,
    "a": 0.2,
    "phi": 3.141592653589793,
    "train_MSE": 0.5508644734675606,
    "test_MSE": 0.6098183156810086,
    "improvement_percent": 4.371471421380807
  }
}