Model,MSE_complex
Baseline (test),0.004750169048937598
UFRF prior (test),0.004750554825033308
