Model,MSE_complex
Baseline (test),0.9489822163389423
UFRF prior (test),0.9314247996011265
