{
  "input": "LQP15MN1N6B02_series.s2p",
  "Sij": "S12",
  "Z0": 50.0,
  "train_points": 321,
  "test_points": 80,
  "baseline": {
    "model": "delay+poly_complex_logf(deg=3)",
    "tau": 9.81795106635122e-12,
    "phi0": 0.017506235916167505,
    "train_MSE": 0.0006107133066609075,
    "test_MSE": 0.0007073863467784049
  },
  "train_improvement_percent": 0.1050926578826278,
  "gate_threshold_percent": 2.0,
  "gated": false
}