Model,MSE_complex
Baseline (test),0.5817342626706289
UFRF prior (test),0.5424994285950393
