{
  "input": "0603CT_2N3.s2p",
  "Sij": "S11",
  "Z0": 50.0,
  "train_points": 784,
  "test_points": 196,
  "baseline": {
    "model": "RLC series -> \u0393",
    "R": 76.70588235294117,
    "L": 4.0600000000000005e-09,
    "C": 5e-12,
    "train_MSE": 0.5795625181583628,
    "test_MSE": 0.5817342626706289
  },
  "ufrf_prior": {
    "R": 71.22689075630252,
    "L": 3.77e-09,
    "C": 7.5e-12,
    "a": 0.2,
    "phi": 3.141592653589793,
    "train_MSE": 0.5403645773900654,
    "test_MSE": 0.5424994285950393,
    "improvement_percent": 6.744459900895315
  }
}