Model,MSE_complex
Baseline (test),0.02776069508194732
UFRF prior (test),0.027903147766015168
