Model,MSE_complex
Baseline (test),0.0003065035224951616
UFRF prior (test),0.00029955448886748805
