Model,MSE_complex
Baseline (test),0.3067969512898457
UFRF prior (test),0.2487277980910104
