{
  "input": "LQP15MN3N2W02_series.s2p",
  "Sij": "S11",
  "Z0": 50.0,
  "train_points": 320,
  "test_points": 81,
  "baseline": {
    "model": "RLC series -> \u0393",
    "R": 82.52941176470588,
    "L": 5.380000000000001e-09,
    "C": 5e-12,
    "train_MSE": 0.30247713713117,
    "test_MSE": 0.3067969512898457
  },
  "ufrf_prior": {
    "R": 76.6344537815126,
    "L": 4.995714285714287e-09,
    "C": 7.5e-12,
    "a": 0.2,
    "phi": 3.141592653589793,
    "train_MSE": 0.24379152439056556,
    "test_MSE": 0.2487277980910104,
    "improvement_percent": 18.92755223110891
  }
}