{
  "input": "LQP15MN1N2B02_series.s2p",
  "Sij": "S22",
  "Z0": 50.0,
  "train_points": 321,
  "test_points": 80,
  "baseline": {
    "model": "RLC series -> \u0393",
    "R": 70.88235294117646,
    "L": 7.600000000000001e-10,
    "C": 5e-12,
    "train_MSE": 0.3023774890487182,
    "test_MSE": 0.3003043383343291
  },
  "ufrf_prior": {
    "R": 65.81932773109243,
    "L": 1.0314285714285716e-09,
    "C": 7.5e-12,
    "a": 0.2,
    "phi": 3.7699111843077517,
    "train_MSE": 0.23356974400370106,
    "test_MSE": 0.23781666987177755,
    "improvement_percent": 20.808113798537267
  }
}