Model,MSE_complex
Baseline (test),0.42257144934098523
UFRF prior (test),0.40836844083702745
