{
  "input": "04AF471.s2p",
  "Sij": "S11",
  "Z0": 50.0,
  "train_points": 151,
  "test_points": 38,
  "baseline": {
    "model": "RLC series -> \u0393",
    "R": 100.0,
    "L": 1e-10,
    "C": 2e-13,
    "train_MSE": 0.41391106509465897,
    "test_MSE": 0.42257144934098523
  },
  "ufrf_prior": {
    "R": 150.0,
    "L": 5e-11,
    "C": 1e-13,
    "a": 0.08,
    "phi": 2.5132741228718345,
    "train_MSE": 0.39864007824902403,
    "test_MSE": 0.40836844083702745,
    "improvement_percent": 3.3610904205922725
  }
}