Model,MSE_complex
Baseline (test),0.6905102019318772
UFRF prior (test),0.6210020781639861
