Model,MSE_complex
Baseline (test),0.0006617839630200584
UFRF prior (test),0.0006617165863059875
