Model,MSE_complex
Baseline (test),0.05585046790486017
UFRF prior (test),0.05609874028428032
