Model,MSE_complex
Baseline (test),0.46367040889073063
UFRF prior (test),0.3639903995093788
