{
  "input": "NFZ5BBW310LZ10_series.s2p",
  "Sij": "S12",
  "Z0": 50.0,
  "train_points": 321,
  "test_points": 80,
  "baseline": {
    "model": "delay+poly_complex_logf(deg=3)",
    "tau": -4.796505607715096e-11,
    "phi0": 0.19977285162583383,
    "train_MSE": 0.017544519259326093,
    "test_MSE": 0.018079452280897794
  },
  "train_improvement_percent": 0.16877433460926416,
  "gate_threshold_percent": 2.0,
  "gated": false
}