{
  "input": "04AF421.s2p",
  "Sij": "S12",
  "Z0": 50.0,
  "train_points": 152,
  "test_points": 37,
  "baseline": {
    "model": "delay+poly_complex_logf(deg=3)",
    "tau": -2.035079718909969e-11,
    "phi0": 0.6519619221252003,
    "train_MSE": 0.009773904670156281,
    "test_MSE": 0.009912602804711809
  },
  "train_improvement_percent": 0.31189840932733376,
  "gate_threshold_percent": 2.0,
  "gated": false
}