Model,MSE_complex
Baseline (test),0.21014505564496422
UFRF prior (test),0.20959634645982556
