Model,MSE_complex
Baseline (test),0.0553235250208089
UFRF prior (test),0.055659060900844076
