{
  "input": "0603CT_11N.s2p",
  "Sij": "S12",
  "Z0": 50.0,
  "train_points": 727,
  "test_points": 181,
  "baseline": {
    "model": "delay+poly_complex_logf(deg=3)",
    "tau": 3.447345710059602e-11,
    "phi0": 0.12565377780167625,
    "train_MSE": 0.0035479223209474928,
    "test_MSE": 0.0033823875440694277
  },
  "train_improvement_percent": 0.2841767326510378,
  "gate_threshold_percent": 2.0,
  "gated": false
}