{
  "input": "0603CT_7N2.s2p",
  "Sij": "S21",
  "split": "block",
  "test_points": 184,
  "deg": 3,
  "ridge": 0.001,
  "n_cycles": 13,
  "gate": 0.02,
  "Z0": 50.0,
  "baseline_test_MSE": 0.9611057142881015,
  "ufrf_test_MSE": 0.9611057142881015,
  "improvement_percent": 0.0,
  "train_gain_used": 0.0049556198886696575,
  "used_ufrf": false,
  "tau_est": 6.717362220691232e-11,
  "phi0_est": -0.0023688566751637777
}