{
  "input": "RDEC72A475K3S1H03A_DC0V_25degC_series.s2p",
  "Sij": "S21",
  "split": "block",
  "test_points": 80,
  "deg": 3,
  "ridge": 0.001,
  "n_cycles": 13,
  "gate": 0.02,
  "Z0": 50.0,
  "baseline_test_MSE": 2.42296539515988,
  "ufrf_test_MSE": 2.42296539515988,
  "improvement_percent": 0.0,
  "train_gain_used": 0.0035149278510985447,
  "used_ufrf": false,
  "tau_est": 8.702290120636398e-09,
  "phi0_est": 0.17495199866682076
}