Model,MSE_complex
Baseline (test),0.10348135719159524
UFRF prior (test),0.10375442141324863
