{
  "input": "0603CT_3N6.s2p",
  "Sij": "S12",
  "Z0": 50.0,
  "train_points": 780,
  "test_points": 194,
  "baseline": {
    "model": "delay+poly_complex_logf(deg=3)",
    "tau": 1.0278294690051373e-11,
    "phi0": 0.10444360934699733,
    "train_MSE": 0.005929440359324196,
    "test_MSE": 0.005943878775043943
  },
  "train_improvement_percent": 0.1660032586424888,
  "gate_threshold_percent": 2.0,
  "gated": false
}