Model,MSE_complex
Baseline (test),0.05340243910600895
UFRF prior (test),0.053691149751826386
