{
  "input": "RDEC71E226K3M1H03A_DC0V_25degC_series.s2p",
  "Sij": "S21",
  "split": "block",
  "test_points": 80,
  "deg": 3,
  "ridge": 0.001,
  "n_cycles": 13,
  "gate": 0.02,
  "Z0": 50.0,
  "baseline_test_MSE": 1.3699099738608014,
  "ufrf_test_MSE": 1.3699099738608014,
  "improvement_percent": 0.0,
  "train_gain_used": 0.0024260274854770955,
  "used_ufrf": false,
  "tau_est": 4.5680423138691415e-09,
  "phi0_est": 0.091149753640173
}