Model,MSE_complex
Baseline (test),0.009849656336388637
UFRF prior (test),0.009892230808754995
