Model,MSE_complex
Baseline (test),0.29623112578574906
UFRF prior (test),0.24181008850980681
