Model,MSE_complex
Baseline (test),0.8234480066822605
UFRF prior (test),0.8017959239191353
