Model,MSE_complex
Baseline (test),0.6021821437763859
UFRF prior (test),0.5429608473199915
