Model,MSE_complex
Baseline (test),0.013841275343478714
UFRF prior (test),0.013865413032301299
