{
  "input": "0603CT_11N.s2p",
  "Sij": "S11",
  "Z0": 50.0,
  "train_points": 727,
  "test_points": 181,
  "baseline": {
    "model": "RLC series -> \u0393",
    "R": 100.0,
    "L": 1e-08,
    "C": 5e-12,
    "train_MSE": 0.611135691920399,
    "test_MSE": 0.6753003780389925
  },
  "ufrf_prior": {
    "R": 92.85714285714286,
    "L": 1.5000000000000002e-08,
    "C": 7.5e-12,
    "a": 0.2,
    "phi": 3.141592653589793,
    "train_MSE": 0.5532610550056204,
    "test_MSE": 0.6332382202523682,
    "improvement_percent": 6.228659001905008
  }
}