{
  "input": "04AF331.s2p",
  "Sij": "S11",
  "Z0": 50.0,
  "train_points": 282,
  "test_points": 70,
  "baseline": {
    "model": "RLC series -> \u0393",
    "R": 100.0,
    "L": 1e-10,
    "C": 2e-13,
    "train_MSE": 0.48197165111269497,
    "test_MSE": 0.4941393251446333
  },
  "ufrf_prior": {
    "R": 150.0,
    "L": 5e-11,
    "C": 1e-13,
    "a": 0.08,
    "phi": 3.141592653589793,
    "train_MSE": 0.47448341068150296,
    "test_MSE": 0.4865590417787109,
    "improvement_percent": 1.534037665126874
  }
}