{
  "input": "LQP15MN1N4W02_series.s2p",
  "Sij": "S21",
  "split": "block",
  "test_points": 80,
  "deg": 3,
  "ridge": 0.001,
  "n_cycles": 13,
  "gate": 0.02,
  "Z0": 50.0,
  "baseline_test_MSE": 1.0191052082971632,
  "ufrf_test_MSE": 1.0191052082971632,
  "improvement_percent": 0.0,
  "train_gain_used": 0.0037592906948399735,
  "used_ufrf": false,
  "tau_est": 9.772609895401519e-12,
  "phi0_est": -0.0014070984345475937
}