Model,MSE_complex
Baseline (test),0.3155154211030467
UFRF prior (test),0.2629688479687528
