{
  "input": "LQP15MN3N5W02_series.s2p",
  "Sij": "S22",
  "Z0": 50.0,
  "train_points": 321,
  "test_points": 80,
  "baseline": {
    "model": "RLC series -> \u0393",
    "R": 82.52941176470588,
    "L": 6.040000000000001e-09,
    "C": 5e-12,
    "train_MSE": 0.3050440057473857,
    "test_MSE": 0.3155154211030467
  },
  "ufrf_prior": {
    "R": 76.6344537815126,
    "L": 5.6085714285714295e-09,
    "C": 7.5e-12,
    "a": 0.2,
    "phi": 3.7699111843077517,
    "train_MSE": 0.24597671111957922,
    "test_MSE": 0.2629688479687528,
    "improvement_percent": 16.654201227499524
  }
}