{
  "input": "04AF421.s2p",
  "Sij": "S21",
  "split": "block",
  "test_points": 37,
  "deg": 3,
  "ridge": 0.001,
  "n_cycles": 13,
  "gate": 0.02,
  "Z0": 50.0,
  "baseline_test_MSE": 0.01997829973078693,
  "ufrf_test_MSE": 0.01997829973078693,
  "improvement_percent": 0.0,
  "train_gain_used": 0.004043704338336256,
  "used_ufrf": false,
  "tau_est": 4.1162369068318513e-10,
  "phi0_est": -0.28471758703292177
}