Model,MSE_complex
Baseline (test),0.36880302987233793
UFRF prior (test),0.2972418706070368
