{
  "input": "LQG15HH1N2S02_series.s2p",
  "Sij": "S11",
  "Z0": 50.0,
  "train_points": 321,
  "test_points": 80,
  "baseline": {
    "model": "RLC series -> \u0393",
    "R": 94.17647058823529,
    "L": 7.600000000000001e-10,
    "C": 5e-12,
    "train_MSE": 0.37192068734646455,
    "test_MSE": 0.36880302987233793
  },
  "ufrf_prior": {
    "R": 87.44957983193277,
    "L": 3.8000000000000003e-10,
    "C": 7.5e-12,
    "a": 0.2,
    "phi": 3.7699111843077517,
    "train_MSE": 0.30827898281575533,
    "test_MSE": 0.2972418706070368,
    "improvement_percent": 19.40362563997162
  }
}