Model,MSE_complex
Baseline (test),0.008723843833480377
UFRF prior (test),0.008763616886626753
