{
  "input": "BLE32PN260SH1_series.s2p",
  "Sij": "S22",
  "Z0": 50.0,
  "train_points": 321,
  "test_points": 80,
  "baseline": {
    "model": "RLC series -> \u0393",
    "R": 100.0,
    "L": 4.0600000000000005e-09,
    "C": 5e-12,
    "train_MSE": 0.6163238697202431,
    "test_MSE": 0.6260515187115356
  },
  "ufrf_prior": {
    "R": 135.71428571428572,
    "L": 3.19e-09,
    "C": 7.5e-12,
    "a": 0.2,
    "phi": 0.6283185307179586,
    "train_MSE": 0.5816160290534247,
    "test_MSE": 0.5835129901707703,
    "improvement_percent": 6.794732904460171
  }
}