{
  "input": "NFZ32BW621HN10_series.s2p",
  "Sij": "S11",
  "Z0": 50.0,
  "train_points": 321,
  "test_points": 80,
  "baseline": {
    "model": "RLC series -> \u0393",
    "R": 59.23529411764706,
    "L": 1e-10,
    "C": 1.48e-12,
    "train_MSE": 0.0023647668765079555,
    "test_MSE": 0.002238613563425043
  },
  "ufrf_prior": {
    "R": 55.00420168067227,
    "L": 5e-11,
    "C": 1.3742857142857143e-12,
    "a": 0.0,
    "phi": 0.0,
    "train_MSE": 0.0018910572125876725,
    "test_MSE": 0.0017768039713483784,
    "improvement_percent": 20.629268026505805
  }
}