Model,MSE_complex
Baseline (test),0.010884421128892152
UFRF prior (test),0.010897112262773064
