Model,MSE_complex
Baseline (test),0.3651379258678464
UFRF prior (test),0.28286738899527253
