Model,MSE_complex
Baseline (test),0.005369526777897729
UFRF prior (test),0.005371171735721817
