Model,MSE_complex
Baseline (test),0.010277114874318054
UFRF prior (test),0.010251716591166731
