Model,MSE_complex
Baseline (test),0.009170236048315242
UFRF prior (test),0.009193010689391165
