Model,MSE_complex
Baseline (test),0.5776277338228426
UFRF prior (test),0.5394707480286596
