{
  "input": "0603CT_5N1.s2p",
  "Sij": "S11",
  "Z0": 50.0,
  "train_points": 779,
  "test_points": 195,
  "baseline": {
    "model": "RLC series -> \u0393",
    "R": 88.35294117647058,
    "L": 8.68e-09,
    "C": 5e-12,
    "train_MSE": 0.5758619492934154,
    "test_MSE": 0.5776277338228426
  },
  "ufrf_prior": {
    "R": 82.04201680672267,
    "L": 8.06e-09,
    "C": 7.5e-12,
    "a": 0.2,
    "phi": 3.141592653589793,
    "train_MSE": 0.5376647014267111,
    "test_MSE": 0.5394707480286596,
    "improvement_percent": 6.6058091673772905
  }
}