Model,MSE_complex
Baseline (test),0.9633892957003172
UFRF prior (test),0.9498006958797495
