Model,MSE_complex
Baseline (test),0.002473406376012238
UFRF prior (test),0.001997157880238739
