{
  "input": "NFZ32BW621HN10_series.s2p",
  "Sij": "S11",
  "Z0": 50.0,
  "train_points": 320,
  "test_points": 81,
  "baseline": {
    "model": "RLC series -> \u0393",
    "R": 59.23529411764706,
    "L": 1e-10,
    "C": 1.48e-12,
    "train_MSE": 0.0023057291749252057,
    "test_MSE": 0.002473406376012238
  },
  "ufrf_prior": {
    "R": 55.00420168067227,
    "L": 5e-11,
    "C": 1.3742857142857143e-12,
    "a": 0.0,
    "phi": 0.0,
    "train_MSE": 0.0018356371707786729,
    "test_MSE": 0.001997157880238739,
    "improvement_percent": 19.254761384634783
  }
}