Model,MSE_complex
Baseline (test),0.33930580600491134
UFRF prior (test),0.33941631910091385
