Model,MSE_complex
Baseline (test),0.7238158565730111
UFRF prior (test),0.7187424840393385
