{
  "input": "04AF101.s2p",
  "Sij": "S11",
  "Z0": 50.0,
  "train_points": 120,
  "test_points": 31,
  "baseline": {
    "model": "RLC series -> \u0393",
    "R": 100.0,
    "L": 1e-10,
    "C": 2e-13,
    "train_MSE": 0.730128921483544,
    "test_MSE": 0.7238158565730111
  },
  "ufrf_prior": {
    "R": 150.0,
    "L": 5e-11,
    "C": 1e-13,
    "a": 0.04,
    "phi": 2.5132741228718345,
    "train_MSE": 0.7252681991055765,
    "test_MSE": 0.7187424840393385,
    "improvement_percent": 0.700920335966807
  }
}