Model,MSE_complex
Baseline (test),0.5960551980902293
UFRF prior (test),0.5529437787637899
