Model,MSE_complex
Baseline (test),0.4031815938869867
UFRF prior (test),0.30150715228770164
