{
  "input": "LQP15MN18NG02_series.s2p",
  "Sij": "S11",
  "Z0": 50.0,
  "train_points": 321,
  "test_points": 80,
  "baseline": {
    "model": "RLC series -> \u0393",
    "R": 100.0,
    "L": 1e-08,
    "C": 5e-12,
    "train_MSE": 0.39514485397235105,
    "test_MSE": 0.4031815938869867
  },
  "ufrf_prior": {
    "R": 121.42857142857143,
    "L": 1.5000000000000002e-08,
    "C": 7.5e-12,
    "a": 0.2,
    "phi": 3.7699111843077517,
    "train_MSE": 0.2892648840584469,
    "test_MSE": 0.30150715228770164,
    "improvement_percent": 25.218026601627255
  }
}