Model,MSE_complex
Baseline (test),0.008382698467690509
UFRF prior (test),0.008408469952519126
