{
  "input": "0603CT_2N3.s2p",
  "Sij": "S11",
  "Z0": 50.0,
  "train_points": 784,
  "test_points": 196,
  "baseline": {
    "model": "RLC series -> \u0393",
    "R": 76.70588235294117,
    "L": 4.0600000000000005e-09,
    "C": 5e-12,
    "train_MSE": 0.5773782313844529,
    "test_MSE": 0.590471409766269
  },
  "ufrf_prior": {
    "R": 71.22689075630252,
    "L": 3.77e-09,
    "C": 7.5e-12,
    "a": 0.2,
    "phi": 4.39822971502571,
    "train_MSE": 0.535560690966936,
    "test_MSE": 0.5632193945336295,
    "improvement_percent": 4.615298011368056
  }
}