Model,MSE_complex
Baseline (test),0.9663495161261235
UFRF prior (test),0.9487784737562738
