Model,MSE_complex
Baseline (test),0.6779799815060817
UFRF prior (test),0.6200148035857586
