{
  "input": "LQP15MN3N6B02_series.s2p",
  "Sij": "S21",
  "split": "block",
  "test_points": 80,
  "deg": 3,
  "ridge": 0.001,
  "n_cycles": 13,
  "gate": 0.02,
  "Z0": 50.0,
  "baseline_test_MSE": 0.23682683556730372,
  "ufrf_test_MSE": 0.23682683556730372,
  "improvement_percent": 0.0,
  "train_gain_used": 0.0026221027675012594,
  "used_ufrf": false,
  "tau_est": 2.8577406278450173e-11,
  "phi0_est": -0.010399361126139357
}