{
  "input": "GRM31CR60G107MEA8_DC0V_25degC_series.s2p",
  "Sij": "S11",
  "Z0": 50.0,
  "train_points": 321,
  "test_points": 80,
  "baseline": {
    "model": "RLC series -> \u0393",
    "R": 76.70588235294117,
    "L": 1.4200000000000003e-09,
    "C": 5e-12,
    "train_MSE": 0.8290111108475681,
    "test_MSE": 0.8197976091169007
  },
  "ufrf_prior": {
    "R": 71.22689075630252,
    "L": 1.1157142857142858e-09,
    "C": 7.5e-12,
    "a": 0.2,
    "phi": 5.026548245743669,
    "train_MSE": 0.8046960644862164,
    "test_MSE": 0.8067238948320942,
    "improvement_percent": 1.5947490135876028
  }
}