Model,MSE_complex
Baseline (test),0.0010479054822135454
UFRF prior (test),0.0010278386236515472
