Model,MSE_complex
Baseline (test),0.30236378849024254
UFRF prior (test),0.2435796793743289
