{
  "input": "LQP15MN2N9W02_series.s2p",
  "Sij": "S11",
  "Z0": 50.0,
  "train_points": 320,
  "test_points": 81,
  "baseline": {
    "model": "RLC series -> \u0393",
    "R": 76.70588235294117,
    "L": 4.720000000000001e-09,
    "C": 5e-12,
    "train_MSE": 0.29846782172216607,
    "test_MSE": 0.30236378849024254
  },
  "ufrf_prior": {
    "R": 71.22689075630252,
    "L": 4.3828571428571434e-09,
    "C": 7.5e-12,
    "a": 0.2,
    "phi": 3.141592653589793,
    "train_MSE": 0.23904079959958457,
    "test_MSE": 0.2435796793743289,
    "improvement_percent": 19.441517586954905
  }
}