{
  "input": "LQP15MN2N6W02_series.s2p",
  "Sij": "S11",
  "Z0": 50.0,
  "train_points": 321,
  "test_points": 80,
  "baseline": {
    "model": "RLC series -> \u0393",
    "R": 76.70588235294117,
    "L": 4.0600000000000005e-09,
    "C": 5e-12,
    "train_MSE": 0.2986395695848036,
    "test_MSE": 0.3004774582601487
  },
  "ufrf_prior": {
    "R": 71.22689075630252,
    "L": 3.77e-09,
    "C": 7.5e-12,
    "a": 0.2,
    "phi": 3.7699111843077517,
    "train_MSE": 0.2373793521533185,
    "test_MSE": 0.247059186984505,
    "improvement_percent": 17.77779657247866
  }
}