Model,MSE_complex
Baseline (test),0.7206798460755172
UFRF prior (test),0.6383161222213758
