Model,MSE_complex
Baseline (test),0.010712796465223752
UFRF prior (test),0.010806704285893165
