Model,MSE_complex
Baseline (test),0.000729400660764146
UFRF prior (test),0.0007328189162702826
