{
  "input": "0603CT_18N.s2p",
  "Sij": "S21",
  "split": "block",
  "test_points": 179,
  "deg": 3,
  "ridge": 0.001,
  "n_cycles": 13,
  "gate": 0.02,
  "Z0": 50.0,
  "baseline_test_MSE": 0.35646276064091953,
  "ufrf_test_MSE": 0.35646276064091953,
  "improvement_percent": 0.0,
  "train_gain_used": 0.00456213007644162,
  "used_ufrf": false,
  "tau_est": 1.433983690016173e-10,
  "phi0_est": -0.013475559980193895
}