{
  "input": "LQP15MN1N0B02_series.s2p",
  "Sij": "S11",
  "Z0": 50.0,
  "train_points": 321,
  "test_points": 80,
  "baseline": {
    "model": "RLC series -> \u0393",
    "R": 65.05882352941177,
    "L": 7.600000000000001e-10,
    "C": 5e-12,
    "train_MSE": 0.29985730841509634,
    "test_MSE": 0.29739754199811913
  },
  "ufrf_prior": {
    "R": 60.411764705882355,
    "L": 7.057142857142858e-10,
    "C": 7.5e-12,
    "a": 0.2,
    "phi": 3.7699111843077517,
    "train_MSE": 0.2349836138949395,
    "test_MSE": 0.2393177239285344,
    "improvement_percent": 19.529353766465242
  }
}