Model,MSE_complex
Baseline (test),0.015284561645613343
UFRF prior (test),0.015427749762855311
