Model,MSE_complex
Baseline (test),0.009546575793180172
UFRF prior (test),0.00966439799891148
