Model,MSE_complex
Baseline (test),0.3230213794031321
UFRF prior (test),0.27073266841036864
