Model,MSE_complex
Baseline (test),0.31640481743179183
UFRF prior (test),0.2594134665598749
