{
  "input": "LQP15MN6N2B02_series.s2p",
  "Sij": "S11",
  "Z0": 50.0,
  "train_points": 320,
  "test_points": 81,
  "baseline": {
    "model": "RLC series -> \u0393",
    "R": 88.35294117647058,
    "L": 1e-08,
    "C": 5e-12,
    "train_MSE": 0.31127826570037753,
    "test_MSE": 0.31640481743179183
  },
  "ufrf_prior": {
    "R": 82.04201680672267,
    "L": 1.2142857142857145e-08,
    "C": 7.5e-12,
    "a": 0.2,
    "phi": 3.141592653589793,
    "train_MSE": 0.2538533560629814,
    "test_MSE": 0.2594134665598749,
    "improvement_percent": 18.012162815505388
  }
}