Model,MSE_complex
Baseline (test),0.3003043383343291
UFRF prior (test),0.23781666987177755
