{
  "input": "0603CT_30N.s2p",
  "Sij": "S12",
  "Z0": 50.0,
  "train_points": 698,
  "test_points": 174,
  "baseline": {
    "model": "delay+poly_complex_logf(deg=3)",
    "tau": 5.189123634886227e-11,
    "phi0": 0.21756354073205278,
    "train_MSE": 0.005755220245100161,
    "test_MSE": 0.006290054532149863
  },
  "train_improvement_percent": 0.1459903622123066,
  "gate_threshold_percent": 2.0,
  "gated": false
}