{
  "input": "RCEC71H106K3A2H03B_DC0V_25degC_series.s2p",
  "Sij": "S21",
  "split": "block",
  "test_points": 80,
  "deg": 3,
  "ridge": 0.001,
  "n_cycles": 13,
  "gate": 0.02,
  "Z0": 50.0,
  "baseline_test_MSE": 2.0432289505328294,
  "ufrf_test_MSE": 2.0432289505328294,
  "improvement_percent": 0.0,
  "train_gain_used": 0.0013786236771959617,
  "used_ufrf": false,
  "tau_est": 6.2835424273146395e-09,
  "phi0_est": 0.12604888857740823
}