Model,MSE_complex
Baseline (test),0.4181395120648661
UFRF prior (test),0.3649264363554662
