{
  "input": "LQP15MN33NG02_series.s2p",
  "Sij": "S22",
  "Z0": 50.0,
  "train_points": 321,
  "test_points": 80,
  "baseline": {
    "model": "RLC series -> \u0393",
    "R": 100.0,
    "L": 1e-10,
    "C": 2e-13,
    "train_MSE": 0.42574445922297227,
    "test_MSE": 0.4181395120648661
  },
  "ufrf_prior": {
    "R": 64.28571428571429,
    "L": 5e-11,
    "C": 1e-13,
    "a": 0.0,
    "phi": 0.0,
    "train_MSE": 0.3733139885646703,
    "test_MSE": 0.3649264363554662,
    "improvement_percent": 12.726153394741841
  }
}