Model,MSE_complex
Baseline (test),0.3221993729637052
UFRF prior (test),0.25774380868250646
