{
  "input": "LQP15MN7N5B02_series.s2p",
  "Sij": "S11",
  "Z0": 50.0,
  "train_points": 320,
  "test_points": 81,
  "baseline": {
    "model": "RLC series -> \u0393",
    "R": 94.17647058823529,
    "L": 1e-08,
    "C": 5e-12,
    "train_MSE": 0.31708387567863305,
    "test_MSE": 0.3221993729637052
  },
  "ufrf_prior": {
    "R": 87.44957983193277,
    "L": 1.5000000000000002e-08,
    "C": 7.5e-12,
    "a": 0.2,
    "phi": 3.141592653589793,
    "train_MSE": 0.25218695470122154,
    "test_MSE": 0.25774380868250646,
    "improvement_percent": 20.00486955896698
  }
}