Model,MSE_complex
Baseline (test),0.8682068211848596
UFRF prior (test),0.8546232409572223
