{
  "input": "0603CT_15N.s2p",
  "Sij": "S12",
  "Z0": 50.0,
  "train_points": 719,
  "test_points": 179,
  "baseline": {
    "model": "delay+poly_complex_logf(deg=3)",
    "tau": 3.881443238546294e-11,
    "phi0": 0.14824085236614098,
    "train_MSE": 0.004125625024187598,
    "test_MSE": 0.0042757774450547514
  },
  "train_improvement_percent": 0.27124456911963213,
  "gate_threshold_percent": 2.0,
  "gated": false
}