{
  "input": "NFZ32BW7R4HZ10_series.s2p",
  "Sij": "S12",
  "Z0": 50.0,
  "train_points": 321,
  "test_points": 80,
  "baseline": {
    "model": "delay+poly_complex_logf(deg=3)",
    "tau": -1.0922953140093294e-10,
    "phi0": 0.28372175266106947,
    "train_MSE": 0.030793655927120366,
    "test_MSE": 0.038266879523850265
  },
  "train_improvement_percent": 0.43301678605031874,
  "gate_threshold_percent": 2.0,
  "gated": false
}