{
  "input": "NFZ5BBW7R6LZ10_series.s2p",
  "Sij": "S21",
  "split": "block",
  "test_points": 80,
  "deg": 3,
  "ridge": 0.001,
  "n_cycles": 13,
  "gate": 0.02,
  "Z0": 50.0,
  "baseline_test_MSE": 1.2025313676230094,
  "ufrf_test_MSE": 1.2025313676230094,
  "improvement_percent": 0.0,
  "train_gain_used": 0.004734306576762956,
  "used_ufrf": false,
  "tau_est": -3.9931199445800157e-10,
  "phi0_est": -0.4445921473441872
}