{
  "input": "LQP15MN2N2W02_series.s2p",
  "Sij": "S12",
  "Z0": 50.0,
  "train_points": 321,
  "test_points": 80,
  "baseline": {
    "model": "delay+poly_complex_logf(deg=3)",
    "tau": 5.628121830944182e-12,
    "phi0": 0.13287358171928432,
    "train_MSE": 0.004254279324208409,
    "test_MSE": 0.0048442045458470286
  },
  "train_improvement_percent": 0.23713269272513932,
  "gate_threshold_percent": 2.0,
  "gated": false
}