Model,MSE_complex
Baseline (test),0.8224509119105479
UFRF prior (test),0.8007101281295023
