{
  "input": "GRM32EB30J107ME16_DC0V_20degC_series.s2p",
  "Sij": "S11",
  "Z0": 50.0,
  "train_points": 320,
  "test_points": 81,
  "baseline": {
    "model": "RLC series -> \u0393",
    "R": 70.88235294117646,
    "L": 1.4200000000000003e-09,
    "C": 5e-12,
    "train_MSE": 0.8266743007927115,
    "test_MSE": 0.8224509119105479
  },
  "ufrf_prior": {
    "R": 65.81932773109243,
    "L": 1.1157142857142858e-09,
    "C": 7.5e-12,
    "a": 0.2,
    "phi": 0.0,
    "train_MSE": 0.8047838116186516,
    "test_MSE": 0.8007101281295023,
    "improvement_percent": 2.6434141498538692
  }
}