{
  "input": "0603CT_2N2.s2p",
  "Sij": "S21",
  "split": "block",
  "test_points": 196,
  "deg": 3,
  "ridge": 0.001,
  "n_cycles": 13,
  "gate": 0.02,
  "Z0": 50.0,
  "baseline_test_MSE": 1.0561794171022518,
  "ufrf_test_MSE": 1.0561794171022518,
  "improvement_percent": 0.0,
  "train_gain_used": 0.006298883436878164,
  "used_ufrf": false,
  "tau_est": 2.1833524504772014e-11,
  "phi0_est": -0.00010390445863399324
}