{
  "input": "LQG15HH1N0C02_series.s2p",
  "Sij": "S11",
  "Z0": 50.0,
  "train_points": 320,
  "test_points": 81,
  "baseline": {
    "model": "RLC series -> \u0393",
    "R": 76.70588235294117,
    "L": 2.0800000000000003e-09,
    "C": 5e-12,
    "train_MSE": 0.3531164644152787,
    "test_MSE": 0.35955304457624104
  },
  "ufrf_prior": {
    "R": 71.22689075630252,
    "L": 2.228571428571429e-09,
    "C": 7.5e-12,
    "a": 0.2,
    "phi": 0.0,
    "train_MSE": 0.29164475720068395,
    "test_MSE": 0.2988248480647827,
    "improvement_percent": 16.889913026054572
  }
}