{
  "input": "NFZ32BW9R8HZ11_series.s2p",
  "Sij": "S22",
  "Z0": 50.0,
  "train_points": 321,
  "test_points": 80,
  "baseline": {
    "model": "RLC series -> \u0393",
    "R": 53.41176470588235,
    "L": 1e-10,
    "C": 1.16e-12,
    "train_MSE": 0.2863876856460382,
    "test_MSE": 0.28598945002526693
  },
  "ufrf_prior": {
    "R": 49.59663865546218,
    "L": 1.5e-10,
    "C": 1.077142857142857e-12,
    "a": 0.0,
    "phi": 0.0,
    "train_MSE": 0.2865537407389722,
    "test_MSE": 0.28607086371658175,
    "improvement_percent": -0.028467375739776597
  }
}