Model,MSE_complex
Baseline (test),0.9035927203062588
UFRF prior (test),0.8860416143635736
