Model,MSE_complex
Baseline (test),0.6744418330103051
UFRF prior (test),0.6544865426884358
