Model,MSE_complex
Baseline (test),0.008843725605689065
UFRF prior (test),0.008937550584693027
