Model,MSE_complex
Baseline (test),0.9038168045657023
UFRF prior (test),0.8862459890470433
