Model,MSE_complex
Baseline (test),0.5909766655099934
UFRF prior (test),0.5630176924392466
