{
  "input": "0603CT_2N5.s2p",
  "Sij": "S22",
  "Z0": 50.0,
  "train_points": 784,
  "test_points": 196,
  "baseline": {
    "model": "RLC series -> \u0393",
    "R": 82.52941176470588,
    "L": 4.720000000000001e-09,
    "C": 5e-12,
    "train_MSE": 0.5766516496837317,
    "test_MSE": 0.5909766655099934
  },
  "ufrf_prior": {
    "R": 76.6344537815126,
    "L": 4.3828571428571434e-09,
    "C": 7.5e-12,
    "a": 0.2,
    "phi": 4.39822971502571,
    "train_MSE": 0.5348783542491397,
    "test_MSE": 0.5630176924392466,
    "improvement_percent": 4.730977499190957
  }
}