{
  "input": "04AF271.s2p",
  "Sij": "S21",
  "split": "block",
  "test_points": 37,
  "deg": 3,
  "ridge": 0.001,
  "n_cycles": 13,
  "gate": 0.02,
  "Z0": 50.0,
  "baseline_test_MSE": 0.00926094843229977,
  "ufrf_test_MSE": 0.00926094843229977,
  "improvement_percent": 0.0,
  "train_gain_used": 0.0021746127404350646,
  "used_ufrf": false,
  "tau_est": 3.326231204508419e-10,
  "phi0_est": -0.2295889428941011
}