{
  "input": "RDER71H335K3P1H03B_DC0V_25degC_series.s2p",
  "Sij": "S21",
  "split": "block",
  "test_points": 80,
  "deg": 3,
  "ridge": 0.001,
  "n_cycles": 13,
  "gate": 0.02,
  "Z0": 50.0,
  "baseline_test_MSE": 2.3564501617204434,
  "ufrf_test_MSE": 2.3564501617204434,
  "improvement_percent": 0.0,
  "train_gain_used": 0.006455267073890996,
  "used_ufrf": false,
  "tau_est": 9.61606363822625e-09,
  "phi0_est": 0.19343100417604617
}