Model,MSE_complex
Baseline (test),0.44156704216212583
UFRF prior (test),0.31549173917035295
