Model,MSE_complex
Baseline (test),0.9406670853049561
UFRF prior (test),0.9270884274384434
