Model,MSE_complex
Baseline (test),0.019799764681953748
UFRF prior (test),0.019979552223686674
