Model,MSE_complex
Baseline (test),0.2944488969080675
UFRF prior (test),0.2392055757842016
