Model,MSE_complex
Baseline (test),0.9478028812226581
UFRF prior (test),0.9302500914616356
