Model,MSE_complex
Baseline (test),0.005671748962258878
UFRF prior (test),0.005680266294013731
