Model,MSE_complex
Baseline (test),0.3241580725313712
UFRF prior (test),0.25572305833728043
