{
  "input": "LQP15MN8N2B02_series.s2p",
  "Sij": "S11",
  "Z0": 50.0,
  "train_points": 320,
  "test_points": 81,
  "baseline": {
    "model": "RLC series -> \u0393",
    "R": 100.0,
    "L": 1e-08,
    "C": 5e-12,
    "train_MSE": 0.3191419626518702,
    "test_MSE": 0.3241580725313712
  },
  "ufrf_prior": {
    "R": 78.57142857142857,
    "L": 1.5000000000000002e-08,
    "C": 7.5e-12,
    "a": 0.2,
    "phi": 3.141592653589793,
    "train_MSE": 0.2501470055046565,
    "test_MSE": 0.25572305833728043,
    "improvement_percent": 21.111618063273063
  }
}