Model,MSE_complex
Baseline (test),0.008899584420415923
UFRF prior (test),0.009013942703121598
