{
  "input": "RCER71E106K3DBH03A_DC0V_25degC_series.s2p",
  "Sij": "S12",
  "Z0": 50.0,
  "train_points": 321,
  "test_points": 80,
  "baseline": {
    "model": "delay+poly_complex_logf(deg=3)",
    "tau": 4.2599859112898423e-10,
    "phi0": -0.11699503429266699,
    "train_MSE": 0.004060311493509795,
    "test_MSE": 0.0053505871961898694
  },
  "train_improvement_percent": 0.36721269202417256,
  "gate_threshold_percent": 2.0,
  "gated": false
}