{
  "input": "BLE18PS080SZ1_series.s2p",
  "Sij": "S12",
  "Z0": 50.0,
  "train_points": 321,
  "test_points": 80,
  "baseline": {
    "model": "delay+poly_complex_logf(deg=3)",
    "tau": 3.0675126645808686e-12,
    "phi0": 0.04557379511379941,
    "train_MSE": 0.0003956007728310156,
    "test_MSE": 0.00044540593733820316
  },
  "train_improvement_percent": 0.13027669202429065,
  "gate_threshold_percent": 2.0,
  "gated": false
}