{
  "input": "04AF141.s2p",
  "Sij": "S21",
  "split": "block",
  "test_points": 37,
  "deg": 3,
  "ridge": 0.001,
  "n_cycles": 13,
  "gate": 0.02,
  "Z0": 50.0,
  "baseline_test_MSE": 0.15844302149782938,
  "ufrf_test_MSE": 0.15844302149782938,
  "improvement_percent": 0.0,
  "train_gain_used": 0.0021885708441460932,
  "used_ufrf": false,
  "tau_est": 2.6351015550049956e-10,
  "phi0_est": -0.15686475546425654
}