{
  "input": "LQG15HH15NJ02_series.s2p",
  "Sij": "S22",
  "Z0": 50.0,
  "train_points": 321,
  "test_points": 80,
  "baseline": {
    "model": "RLC series -> \u0393",
    "R": 100.0,
    "L": 1e-10,
    "C": 5e-12,
    "train_MSE": 0.4774863816871165,
    "test_MSE": 0.475071949246107
  },
  "ufrf_prior": {
    "R": 150.0,
    "L": 5e-11,
    "C": 7.5e-12,
    "a": 0.2,
    "phi": 3.7699111843077517,
    "train_MSE": 0.364845375349029,
    "test_MSE": 0.3653133210237487,
    "improvement_percent": 23.103580078035463
  }
}