Model,MSE_complex
Baseline (test),0.004722863674447413
UFRF prior (test),0.0047128495493667
