{
  "input": "LQP15MN9N1B02_series.s2p",
  "Sij": "S21",
  "split": "block",
  "test_points": 80,
  "deg": 3,
  "ridge": 0.001,
  "n_cycles": 13,
  "gate": 0.02,
  "Z0": 50.0,
  "baseline_test_MSE": 0.34738789991863656,
  "ufrf_test_MSE": 0.34738789991863656,
  "improvement_percent": 0.0,
  "train_gain_used": 0.0078040516080861745,
  "used_ufrf": false,
  "tau_est": 5.428764972078888e-11,
  "phi0_est": -0.07002815440483416
}