{
  "input": "0603CT_5N1.s2p",
  "Sij": "S22",
  "Z0": 50.0,
  "train_points": 780,
  "test_points": 194,
  "baseline": {
    "model": "RLC series -> \u0393",
    "R": 88.35294117647058,
    "L": 9.340000000000001e-09,
    "C": 5e-12,
    "train_MSE": 0.5631498843226455,
    "test_MSE": 0.6287807158986981
  },
  "ufrf_prior": {
    "R": 82.04201680672267,
    "L": 8.672857142857144e-09,
    "C": 7.5e-12,
    "a": 0.2,
    "phi": 0.0,
    "train_MSE": 0.5229434318699347,
    "test_MSE": 0.600257965318404,
    "improvement_percent": 4.536199959556224
  }
}