Model,MSE_complex
Baseline (test),0.6676873975780999
UFRF prior (test),0.5884737629940991
