{
  "input": "GRM32ER60E337ME05_DC0V_25degC_series.s2p",
  "Sij": "S21",
  "split": "block",
  "test_points": 80,
  "deg": 3,
  "ridge": 0.001,
  "n_cycles": 13,
  "gate": 0.02,
  "Z0": 50.0,
  "baseline_test_MSE": 0.08806421171732211,
  "ufrf_test_MSE": 0.08806421171732211,
  "improvement_percent": 0.0,
  "train_gain_used": 0.005294371567670607,
  "used_ufrf": false,
  "tau_est": 1.506390718735837e-11,
  "phi0_est": 0.005852188502999018
}