{
  "input": "0603CT_16N.s2p",
  "Sij": "S12",
  "Z0": 50.0,
  "train_points": 717,
  "test_points": 179,
  "baseline": {
    "model": "delay+poly_complex_logf(deg=3)",
    "tau": 2.3099322009435846e-11,
    "phi0": 0.2001719706751343,
    "train_MSE": 0.006083194267448976,
    "test_MSE": 0.0065069728246726286
  },
  "train_improvement_percent": 0.3139127306965618,
  "gate_threshold_percent": 2.0,
  "gated": false
}