{
  "input": "NFZ5BBW520LN10_series.s2p",
  "Sij": "S11",
  "Z0": 50.0,
  "train_points": 321,
  "test_points": 80,
  "baseline": {
    "model": "RLC series -> \u0393",
    "R": 88.35294117647058,
    "L": 3.4000000000000007e-09,
    "C": 2.76e-12,
    "train_MSE": 0.10126787392992258,
    "test_MSE": 0.09755353349300441
  },
  "ufrf_prior": {
    "R": 82.04201680672267,
    "L": 3.157142857142858e-09,
    "C": 2.957142857142857e-12,
    "a": 0.0,
    "phi": 0.0,
    "train_MSE": 0.10156413754018552,
    "test_MSE": 0.09863110943514353,
    "improvement_percent": -1.104599601424368
  }
}