Model,MSE_complex
Baseline (test),0.9398321668723328
UFRF prior (test),0.9262571673075799
