Model,MSE_complex
Baseline (test),0.009373374489361706
UFRF prior (test),0.009478707643865004
