Model,MSE_complex
Baseline (test),0.6316700672588856
UFRF prior (test),0.5832231913801013
