{
  "input": "0603CT_15N.s2p",
  "Sij": "S11",
  "Z0": 50.0,
  "train_points": 719,
  "test_points": 179,
  "baseline": {
    "model": "RLC series -> \u0393",
    "R": 100.0,
    "L": 1e-08,
    "C": 5e-12,
    "train_MSE": 0.6468048751322649,
    "test_MSE": 0.6316700672588856
  },
  "ufrf_prior": {
    "R": 107.14285714285714,
    "L": 1.5000000000000002e-08,
    "C": 7.5e-12,
    "a": 0.2,
    "phi": 4.39822971502571,
    "train_MSE": 0.5793633957634194,
    "test_MSE": 0.5832231913801013,
    "improvement_percent": 7.669648823003158
  }
}