{
  "input": "0603CT_4N7.s2p",
  "Sij": "S12",
  "Z0": 50.0,
  "train_points": 775,
  "test_points": 193,
  "baseline": {
    "model": "delay+poly_complex_logf(deg=3)",
    "tau": 8.408671118733475e-12,
    "phi0": 0.13266966088885282,
    "train_MSE": 0.007197256180127868,
    "test_MSE": 0.008245795273430964
  },
  "train_improvement_percent": 0.27494314854481133,
  "gate_threshold_percent": 2.0,
  "gated": false
}