Model,MSE_complex
Baseline (test),0.8700850555773086
UFRF prior (test),0.8565158102002571
