Model,MSE_complex
Baseline (test),0.009033167470259522
UFRF prior (test),0.009066698389335886
