{
  "input": "RDEC71E106K2P1H03B_DC0V_25degC_series.s2p",
  "Sij": "S21",
  "split": "block",
  "test_points": 80,
  "deg": 3,
  "ridge": 0.001,
  "n_cycles": 13,
  "gate": 0.02,
  "Z0": 50.0,
  "baseline_test_MSE": 2.059214572169315,
  "ufrf_test_MSE": 2.059214572169315,
  "improvement_percent": 0.0,
  "train_gain_used": 0.0013573158946894733,
  "used_ufrf": false,
  "tau_est": 6.337635280599718e-09,
  "phi0_est": 0.12702811324009314
}