Model,MSE_complex
Baseline (test),0.30098931421997505
UFRF prior (test),0.23626485849526702
