{
  "input": "LQP15MN1N3B02_series.s2p",
  "Sij": "S11",
  "Z0": 50.0,
  "train_points": 320,
  "test_points": 81,
  "baseline": {
    "model": "RLC series -> \u0393",
    "R": 70.88235294117646,
    "L": 1.4200000000000003e-09,
    "C": 5e-12,
    "train_MSE": 0.2986315180850846,
    "test_MSE": 0.30098931421997505
  },
  "ufrf_prior": {
    "R": 65.81932773109243,
    "L": 1.1157142857142858e-09,
    "C": 7.5e-12,
    "a": 0.2,
    "phi": 3.141592653589793,
    "train_MSE": 0.23335212512886028,
    "test_MSE": 0.23626485849526702,
    "improvement_percent": 21.503904845407504
  }
}