Model,MSE_complex
Baseline (test),0.007064004592401531
UFRF prior (test),0.00709023600463154
