Model,MSE_complex
Baseline (test),0.0020578517550061647
UFRF prior (test),0.002042271590950026
