{
  "input": "GRM32ER60J107ME20_DC0V_25degC_series.s2p",
  "Sij": "S12",
  "Z0": 50.0,
  "train_points": 321,
  "test_points": 80,
  "baseline": {
    "model": "delay+poly_complex_logf(deg=3)",
    "tau": 4.831971280201923e-12,
    "phi0": -0.01560956765072975,
    "train_MSE": 0.0002902487195191533,
    "test_MSE": 0.0004643200900735419
  },
  "train_improvement_percent": 0.12575552781894972,
  "gate_threshold_percent": 2.0,
  "gated": false
}