Model,MSE_complex
Baseline (test),0.053544457812801524
UFRF prior (test),0.05298228330316337
