Model,MSE_complex
Baseline (test),0.22851257859769425
UFRF prior (test),0.22888144846925976
