{
  "input": "NFZ5BBW170LZ10_series.s2p",
  "Sij": "S11",
  "Z0": 50.0,
  "train_points": 320,
  "test_points": 81,
  "baseline": {
    "model": "RLC series -> \u0393",
    "R": 88.35294117647058,
    "L": 3.4000000000000007e-09,
    "C": 2.12e-12,
    "train_MSE": 0.22518389028047553,
    "test_MSE": 0.22851257859769425
  },
  "ufrf_prior": {
    "R": 82.04201680672267,
    "L": 3.6428571428571435e-09,
    "C": 1.9685714285714282e-12,
    "a": 0.0,
    "phi": 0.0,
    "train_MSE": 0.22547516310910268,
    "test_MSE": 0.22888144846925976,
    "improvement_percent": -0.16142212994537977
  }
}