{
  "input": "0603CT_11N.s2p",
  "Sij": "S21",
  "split": "block",
  "test_points": 181,
  "deg": 3,
  "ridge": 0.001,
  "n_cycles": 13,
  "gate": 0.02,
  "Z0": 50.0,
  "baseline_test_MSE": 0.7171747457104249,
  "ufrf_test_MSE": 0.7171747457104249,
  "improvement_percent": 0.0,
  "train_gain_used": 0.004610455543766772,
  "used_ufrf": false,
  "tau_est": 9.71116972366733e-11,
  "phi0_est": -0.005523181360688891
}