Model,MSE_complex
Baseline (test),0.10774726792123751
UFRF prior (test),0.10755692792368642
