{
  "input": "NFZ32BW520HN11_series.s2p",
  "Sij": "S11",
  "Z0": 50.0,
  "train_points": 320,
  "test_points": 81,
  "baseline": {
    "model": "RLC series -> \u0393",
    "R": 53.41176470588235,
    "L": 1e-10,
    "C": 1.48e-12,
    "train_MSE": 0.10409851519503403,
    "test_MSE": 0.10774726792123751
  },
  "ufrf_prior": {
    "R": 57.22689075630252,
    "L": 1.5e-10,
    "C": 1.3742857142857143e-12,
    "a": 0.0,
    "phi": 0.0,
    "train_MSE": 0.10390939556980694,
    "test_MSE": 0.10755692792368642,
    "improvement_percent": 0.17665412889191046
  }
}