{
  "input": "0603CT_27N.s2p",
  "Sij": "S21",
  "split": "block",
  "test_points": 176,
  "deg": 3,
  "ridge": 0.001,
  "n_cycles": 13,
  "gate": 0.02,
  "Z0": 50.0,
  "baseline_test_MSE": 0.22370525935935257,
  "ufrf_test_MSE": 0.22370525935935257,
  "improvement_percent": 0.0,
  "train_gain_used": 0.004539853239700931,
  "used_ufrf": false,
  "tau_est": 1.9104654809775054e-10,
  "phi0_est": -0.02485319501912104
}