{
  "input": "BLE18PK160SN1_series.s2p",
  "Sij": "S21",
  "split": "block",
  "test_points": 80,
  "deg": 3,
  "ridge": 0.001,
  "n_cycles": 13,
  "gate": 0.02,
  "Z0": 50.0,
  "baseline_test_MSE": 0.1154964955380832,
  "ufrf_test_MSE": 0.1154964955380832,
  "improvement_percent": 0.0,
  "train_gain_used": 0.004628488090327764,
  "used_ufrf": false,
  "tau_est": 7.745770421040113e-11,
  "phi0_est": -0.033839067283318584
}