Model,MSE_complex
Baseline (test),0.3080729776016457
UFRF prior (test),0.25030750138714525
