{
  "input": "GCM32ED70E227ME36_DC0V_25degC_series.s2p",
  "Sij": "S21",
  "split": "block",
  "test_points": 80,
  "deg": 3,
  "ridge": 0.001,
  "n_cycles": 13,
  "gate": 0.02,
  "Z0": 50.0,
  "baseline_test_MSE": 0.10637064888290662,
  "ufrf_test_MSE": 0.10637064888290662,
  "improvement_percent": 0.0,
  "train_gain_used": 0.005283815436458521,
  "used_ufrf": false,
  "tau_est": 1.888225199491835e-11,
  "phi0_est": 0.007949071408582099
}