{
  "input": "RDEC71E226K3P1H03B_DC0V_25degC_series.s2p",
  "Sij": "S12",
  "Z0": 50.0,
  "train_points": 321,
  "test_points": 80,
  "baseline": {
    "model": "delay+poly_complex_logf(deg=3)",
    "tau": 3.059133569938896e-10,
    "phi0": -0.07825477572502539,
    "train_MSE": 0.002222470434947826,
    "test_MSE": 0.003106747392355471
  },
  "train_improvement_percent": 0.24614505441391232,
  "gate_threshold_percent": 2.0,
  "gated": false
}