Model,MSE_complex
Baseline (test),0.6260515187115356
UFRF prior (test),0.5835129901707703
