Model,MSE_complex
Baseline (test),0.009592631159003337
UFRF prior (test),0.009598588233641146
