{
  "input": "LQP15MN3N4W02_series.s2p",
  "Sij": "S21",
  "split": "block",
  "test_points": 80,
  "deg": 3,
  "ridge": 0.001,
  "n_cycles": 13,
  "gate": 0.02,
  "Z0": 50.0,
  "baseline_test_MSE": 0.28092195477352033,
  "ufrf_test_MSE": 0.28092195477352033,
  "improvement_percent": 0.0,
  "train_gain_used": 0.0027122488848614844,
  "used_ufrf": false,
  "tau_est": 2.7026482218414912e-11,
  "phi0_est": -0.009265350608472863
}