{
  "input": "LQP15MN1N0W02_series.s2p",
  "Sij": "S11",
  "Z0": 50.0,
  "train_points": 320,
  "test_points": 81,
  "baseline": {
    "model": "RLC series -> \u0393",
    "R": 65.05882352941177,
    "L": 7.600000000000001e-10,
    "C": 5e-12,
    "train_MSE": 0.2988910224207876,
    "test_MSE": 0.3012453356351044
  },
  "ufrf_prior": {
    "R": 60.411764705882355,
    "L": 7.057142857142858e-10,
    "C": 7.5e-12,
    "a": 0.2,
    "phi": 3.7699111843077517,
    "train_MSE": 0.23521500178162735,
    "test_MSE": 0.2381048774948867,
    "improvement_percent": 20.959812707838616
  }
}