{
  "input": "NFZ5BBW170LZ10_series.s2p",
  "Sij": "S11",
  "Z0": 50.0,
  "train_points": 321,
  "test_points": 80,
  "baseline": {
    "model": "RLC series -> \u0393",
    "R": 88.35294117647058,
    "L": 3.4000000000000007e-09,
    "C": 2.12e-12,
    "train_MSE": 0.22505076095946586,
    "test_MSE": 0.22908836860221077
  },
  "ufrf_prior": {
    "R": 82.04201680672267,
    "L": 3.157142857142858e-09,
    "C": 2.2714285714285715e-12,
    "a": 0.0,
    "phi": 0.0,
    "train_MSE": 0.22525504566844662,
    "test_MSE": 0.229979785360889,
    "improvement_percent": -0.3891148049624877
  }
}