Model,MSE_complex
Baseline (test),0.03988831211424819
UFRF prior (test),0.04115922924924458
