{
  "input": "0603CT_10N.s2p",
  "Sij": "S21",
  "split": "block",
  "test_points": 182,
  "deg": 3,
  "ridge": 0.001,
  "n_cycles": 13,
  "gate": 0.02,
  "Z0": 50.0,
  "baseline_test_MSE": 0.7847682236836294,
  "ufrf_test_MSE": 0.7847682236836294,
  "improvement_percent": 0.0,
  "train_gain_used": 0.004659258293062841,
  "used_ufrf": false,
  "tau_est": 8.973146300767032e-11,
  "phi0_est": -0.00452120855669844
}