Model,MSE_complex
Baseline (test),0.008480072297066946
UFRF prior (test),0.008506086138791953
