{
  "input": "RHEL81H335K3DBH03A_DC0V_25degC_series.s2p",
  "Sij": "S11",
  "Z0": 50.0,
  "train_points": 321,
  "test_points": 80,
  "baseline": {
    "model": "RLC series -> \u0393",
    "R": 100.0,
    "L": 1e-08,
    "C": 5e-12,
    "train_MSE": 0.8742566217387316,
    "test_MSE": 0.8796304126280129
  },
  "ufrf_prior": {
    "R": 150.0,
    "L": 1.5000000000000002e-08,
    "C": 7.5e-12,
    "a": 0.2,
    "phi": 0.0,
    "train_MSE": 0.8627690833978809,
    "test_MSE": 0.8620622540329463,
    "improvement_percent": 1.9972204624643821
  }
}