{
  "input": "GCM32ED70E107ME36_DC0V_25degC_series.s2p",
  "Sij": "S12",
  "Z0": 50.0,
  "train_points": 321,
  "test_points": 80,
  "baseline": {
    "model": "delay+poly_complex_logf(deg=3)",
    "tau": 3.667178430737322e-12,
    "phi0": -0.01327555772469352,
    "train_MSE": 0.00021942388689895573,
    "test_MSE": 0.00036208123417600193
  },
  "train_improvement_percent": 0.051952924055300505,
  "gate_threshold_percent": 2.0,
  "gated": false
}