Model,MSE_complex
Baseline (test),0.30941275463069834
UFRF prior (test),0.2517624423025837
