{
  "input": "LQP15MN3N4W02_series.s2p",
  "Sij": "S11",
  "Z0": 50.0,
  "train_points": 320,
  "test_points": 81,
  "baseline": {
    "model": "RLC series -> \u0393",
    "R": 82.52941176470588,
    "L": 6.040000000000001e-09,
    "C": 5e-12,
    "train_MSE": 0.30489519201373616,
    "test_MSE": 0.30941275463069834
  },
  "ufrf_prior": {
    "R": 76.6344537815126,
    "L": 5.6085714285714295e-09,
    "C": 7.5e-12,
    "a": 0.2,
    "phi": 3.141592653589793,
    "train_MSE": 0.24664127268875985,
    "test_MSE": 0.2517624423025837,
    "improvement_percent": 18.632170608779056
  }
}