Model,MSE_complex
Baseline (test),0.8942831878681213
UFRF prior (test),0.8807063493103712
