Model,MSE_complex
Baseline (test),0.2982662242575937
UFRF prior (test),0.23561750758202846
