{
  "input": "LQP15MN1N5B02_series.s2p",
  "Sij": "S11",
  "Z0": 50.0,
  "train_points": 320,
  "test_points": 81,
  "baseline": {
    "model": "RLC series -> \u0393",
    "R": 70.88235294117646,
    "L": 1.4200000000000003e-09,
    "C": 5e-12,
    "train_MSE": 0.2959489449187567,
    "test_MSE": 0.2982662242575937
  },
  "ufrf_prior": {
    "R": 65.81932773109243,
    "L": 1.3185714285714288e-09,
    "C": 7.5e-12,
    "a": 0.2,
    "phi": 3.141592653589793,
    "train_MSE": 0.23269230896881468,
    "test_MSE": 0.23561750758202846,
    "improvement_percent": 21.004294680533285
  }
}