Model,MSE_complex
Baseline (test),0.0012311257325869117
UFRF prior (test),0.0012323959740631635
