Model,MSE_complex
Baseline (test),0.4751439747963564
UFRF prior (test),0.4676346702937341
