Model,MSE_complex
Baseline (test),0.009161504799013636
UFRF prior (test),0.009135383725859484
