{
  "input": "0603CT_1N0.s2p",
  "Sij": "S21",
  "split": "block",
  "test_points": 204,
  "deg": 3,
  "ridge": 0.001,
  "n_cycles": 13,
  "gate": 0.02,
  "Z0": 50.0,
  "baseline_test_MSE": 0.9956764787252712,
  "ufrf_test_MSE": 0.9956764787252712,
  "improvement_percent": 0.0,
  "train_gain_used": 0.006675637075104838,
  "used_ufrf": false,
  "tau_est": 9.944016845657062e-12,
  "phi0_est": -4.6981104735741906e-05
}