{
  "input": "LQP15MN18NG02_series.s2p",
  "Sij": "S12",
  "Z0": 50.0,
  "train_points": 321,
  "test_points": 80,
  "baseline": {
    "model": "delay+poly_complex_logf(deg=3)",
    "tau": -1.8214457787095713e-11,
    "phi0": 0.4806664228193513,
    "train_MSE": 0.03560515041180161,
    "test_MSE": 0.04108599477882917
  },
  "train_improvement_percent": 0.3562920107344937,
  "gate_threshold_percent": 2.0,
  "gated": false
}