{
  "input": "LQG15HH1N3C02_series.s2p",
  "Sij": "S21",
  "split": "block",
  "test_points": 80,
  "deg": 3,
  "ridge": 0.001,
  "n_cycles": 13,
  "gate": 0.02,
  "Z0": 50.0,
  "baseline_test_MSE": 0.8865827640440518,
  "ufrf_test_MSE": 0.8865827640440518,
  "improvement_percent": 0.0,
  "train_gain_used": 0.010974200142757051,
  "used_ufrf": false,
  "tau_est": 1.921592937662136e-11,
  "phi0_est": 0.016524564312753426
}