Model,MSE_complex
Baseline (test),0.010732840583409209
UFRF prior (test),0.01082541056705348
