Model,MSE_complex
Baseline (test),0.5774426415356259
UFRF prior (test),0.5457340471722752
