{
  "input": "RCEC71H475K2DBH03A_DC0V_25degC_series.s2p",
  "Sij": "S12",
  "Z0": 50.0,
  "train_points": 321,
  "test_points": 80,
  "baseline": {
    "model": "delay+poly_complex_logf(deg=3)",
    "tau": 6.830402390508423e-10,
    "phi0": -0.1959417466587549,
    "train_MSE": 0.006981331350165485,
    "test_MSE": 0.008849626518823105
  },
  "train_improvement_percent": 0.4118351869314654,
  "gate_threshold_percent": 2.0,
  "gated": false
}