{
  "input": "0603CT_8N2.s2p",
  "Sij": "S12",
  "Z0": 50.0,
  "train_points": 740,
  "test_points": 184,
  "baseline": {
    "model": "delay+poly_complex_logf(deg=3)",
    "tau": 2.502354769392197e-11,
    "phi0": 0.11875213379830869,
    "train_MSE": 0.0038889796120467274,
    "test_MSE": 0.00389497082181568
  },
  "train_improvement_percent": 0.2122745427931662,
  "gate_threshold_percent": 2.0,
  "gated": false
}