Model,MSE_complex
Baseline (test),0.6172241308253417
UFRF prior (test),0.5813878597369593
