{
  "input": "BLE32PN260SH1_series.s2p",
  "Sij": "S11",
  "Z0": 50.0,
  "train_points": 320,
  "test_points": 81,
  "baseline": {
    "model": "RLC series -> \u0393",
    "R": 100.0,
    "L": 3.4000000000000007e-09,
    "C": 5e-12,
    "train_MSE": 0.6183399009930419,
    "test_MSE": 0.6172241308253417
  },
  "ufrf_prior": {
    "R": 135.71428571428572,
    "L": 3.157142857142858e-09,
    "C": 7.5e-12,
    "a": 0.2,
    "phi": 5.654866776461628,
    "train_MSE": 0.5820521488559453,
    "test_MSE": 0.5813878597369593,
    "improvement_percent": 5.80603856826899
  }
}