Model,MSE_complex
Baseline (test),0.6827286454985277
UFRF prior (test),0.6213711115034845
