{
  "input": "0603CT_20N.s2p",
  "Sij": "S11",
  "Z0": 50.0,
  "train_points": 717,
  "test_points": 179,
  "baseline": {
    "model": "RLC series -> \u0393",
    "R": 100.0,
    "L": 1e-08,
    "C": 5e-12,
    "train_MSE": 0.6539117042945253,
    "test_MSE": 0.6827286454985277
  },
  "ufrf_prior": {
    "R": 135.71428571428572,
    "L": 1.5000000000000002e-08,
    "C": 7.5e-12,
    "a": 0.2,
    "phi": 2.5132741228718345,
    "train_MSE": 0.5783213448893599,
    "test_MSE": 0.6213711115034845,
    "improvement_percent": 8.987104085875888
  }
}