Model,MSE_complex
Baseline (test),0.9052547477575598
UFRF prior (test),0.8877027296764751
