Model,MSE_complex
Baseline (test),0.34769383151400574
UFRF prior (test),0.34759949465202145
