{
  "input": "NFZ32BW6R8HZ11_series.s2p",
  "Sij": "S11",
  "Z0": 50.0,
  "train_points": 320,
  "test_points": 81,
  "baseline": {
    "model": "RLC series -> \u0393",
    "R": 53.41176470588235,
    "L": 1.4200000000000003e-09,
    "C": 8.400000000000001e-13,
    "train_MSE": 0.3457859178603319,
    "test_MSE": 0.34769383151400574
  },
  "ufrf_prior": {
    "R": 57.22689075630252,
    "L": 1.1157142857142858e-09,
    "C": 9.000000000000001e-13,
    "a": 0.0,
    "phi": 0.0,
    "train_MSE": 0.34569803684877876,
    "test_MSE": 0.34759949465202145,
    "improvement_percent": 0.027132164402660638
  }
}