Model,MSE_complex
Baseline (test),0.014755510528846489
UFRF prior (test),0.01481902857184188
