Model,MSE_complex
Baseline (test),0.9398592579966085
UFRF prior (test),0.9262670403380459
