{
  "input": "BLE18PK100SN1_series.s2p",
  "Sij": "S21",
  "split": "block",
  "test_points": 80,
  "deg": 3,
  "ridge": 0.001,
  "n_cycles": 13,
  "gate": 0.02,
  "Z0": 50.0,
  "baseline_test_MSE": 0.12679895883932488,
  "ufrf_test_MSE": 0.12679895883932488,
  "improvement_percent": 0.0,
  "train_gain_used": 0.004526505824984568,
  "used_ufrf": false,
  "tau_est": 6.028242077052479e-11,
  "phi0_est": -0.018962206276296783
}