Model,MSE_complex
Baseline (test),0.011899419025417171
UFRF prior (test),0.01194478121727576
