Model,MSE_complex
Baseline (test),0.7038999465596735
UFRF prior (test),0.6116013693923987
