{
  "input": "0603CT_33N.s2p",
  "Sij": "S11",
  "Z0": 50.0,
  "train_points": 695,
  "test_points": 174,
  "baseline": {
    "model": "RLC series -> \u0393",
    "R": 100.0,
    "L": 1e-08,
    "C": 5e-12,
    "train_MSE": 0.7021691616251491,
    "test_MSE": 0.7038999465596735
  },
  "ufrf_prior": {
    "R": 150.0,
    "L": 1.5000000000000002e-08,
    "C": 7.5e-12,
    "a": 0.2,
    "phi": 3.141592653589793,
    "train_MSE": 0.6096870256030474,
    "test_MSE": 0.6116013693923987,
    "improvement_percent": 13.112456907886708
  }
}