Model,MSE_complex
Baseline (test),0.8920067455989603
UFRF prior (test),0.8783993147211946
