Model,MSE_complex
Baseline (test),0.008188766129068978
UFRF prior (test),0.0082066036688277
