Model,MSE_complex
Baseline (test),0.011109118629863997
UFRF prior (test),0.011095551428620962
