{
  "input": "LQG15HH1N3B02_series.s2p",
  "Sij": "S11",
  "Z0": 50.0,
  "train_points": 320,
  "test_points": 81,
  "baseline": {
    "model": "RLC series -> \u0393",
    "R": 94.17647058823529,
    "L": 1e-10,
    "C": 5e-12,
    "train_MSE": 0.36750966591318657,
    "test_MSE": 0.3696855250233844
  },
  "ufrf_prior": {
    "R": 87.44957983193277,
    "L": 1.5e-10,
    "C": 7.5e-12,
    "a": 0.2,
    "phi": 3.141592653589793,
    "train_MSE": 0.3026948331460849,
    "test_MSE": 0.3052489781185262,
    "improvement_percent": 17.430097351196615
  }
}