{
  "input": "04AF361.s2p",
  "Sij": "S12",
  "Z0": 50.0,
  "train_points": 152,
  "test_points": 37,
  "baseline": {
    "model": "delay+poly_complex_logf(deg=3)",
    "tau": -1.1807683929500304e-11,
    "phi0": 0.6082949370268087,
    "train_MSE": 0.009423587651889614,
    "test_MSE": 0.009482697694317352
  },
  "train_improvement_percent": 0.3263754999985786,
  "gate_threshold_percent": 2.0,
  "gated": false
}