Model,MSE_complex
Baseline (test),0.33986282481729563
UFRF prior (test),0.3398042486386459
