Model,MSE_complex
Baseline (test),0.00552031506542914
UFRF prior (test),0.0055076480498373525
