Model,MSE_complex
Baseline (test),0.12761448121401817
UFRF prior (test),0.12767869326534761
