{
  "input": "NFZ5BBW450LZ10_series.s2p",
  "Sij": "S11",
  "Z0": 50.0,
  "train_points": 320,
  "test_points": 81,
  "baseline": {
    "model": "RLC series -> \u0393",
    "R": 82.52941176470588,
    "L": 4.0600000000000005e-09,
    "C": 2.44e-12,
    "train_MSE": 0.12369707303143171,
    "test_MSE": 0.12761448121401817
  },
  "ufrf_prior": {
    "R": 88.42436974789916,
    "L": 3.77e-09,
    "C": 2.6142857142857146e-12,
    "a": 0.0,
    "phi": 0.0,
    "train_MSE": 0.12385005552920147,
    "test_MSE": 0.12767869326534761,
    "improvement_percent": -0.05031721378215741
  }
}