Model,MSE_complex
Baseline (test),0.010383321027785632
UFRF prior (test),0.010414175833656976
