{
  "input": "LQG15HH12NG02_series.s2p",
  "Sij": "S12",
  "Z0": 50.0,
  "train_points": 321,
  "test_points": 80,
  "baseline": {
    "model": "delay+poly_complex_logf(deg=3)",
    "tau": -7.943638438165565e-12,
    "phi0": 0.24390438466923628,
    "train_MSE": 0.07872800751214246,
    "test_MSE": 0.07995797050050005
  },
  "train_improvement_percent": 0.359831274934613,
  "gate_threshold_percent": 2.0,
  "gated": false
}