{
  "input": "RCEC72A475K3K1H03B_DC0V_25degC_series.s2p",
  "Sij": "S11",
  "Z0": 50.0,
  "train_points": 320,
  "test_points": 81,
  "baseline": {
    "model": "RLC series -> \u0393",
    "R": 100.0,
    "L": 1e-08,
    "C": 5e-12,
    "train_MSE": 0.8978320961640932,
    "test_MSE": 0.8923572588102269
  },
  "ufrf_prior": {
    "R": 150.0,
    "L": 1.5000000000000002e-08,
    "C": 7.5e-12,
    "a": 0.2,
    "phi": 0.0,
    "train_MSE": 0.8853350691451306,
    "test_MSE": 0.8787803472091688,
    "improvement_percent": 1.5214659226462852
  }
}