Model,MSE_complex
Baseline (test),0.9050242592890149
UFRF prior (test),0.8874513093948266
