{
  "input": "RCER71H475K3DBH03A_DC0V_25degC_series.s2p",
  "Sij": "S21",
  "split": "block",
  "test_points": 80,
  "deg": 3,
  "ridge": 0.001,
  "n_cycles": 13,
  "gate": 0.02,
  "Z0": 50.0,
  "baseline_test_MSE": 2.4248001037360987,
  "ufrf_test_MSE": 2.4248001037360987,
  "improvement_percent": 0.0,
  "train_gain_used": 0.003286486263808623,
  "used_ufrf": false,
  "tau_est": 8.614635399362475e-09,
  "phi0_est": 0.17328745603605658
}