{
  "input": "NFZ32SW301HN10_series.s2p",
  "Sij": "S21",
  "split": "block",
  "test_points": 80,
  "deg": 3,
  "ridge": 0.001,
  "n_cycles": 13,
  "gate": 0.02,
  "Z0": 50.0,
  "baseline_test_MSE": 0.4385103245641241,
  "ufrf_test_MSE": 0.4385103245641241,
  "improvement_percent": 0.0,
  "train_gain_used": 0.004761930820295348,
  "used_ufrf": false,
  "tau_est": -1.6375501532116705e-10,
  "phi0_est": -0.3332188602959132
}