Model,MSE_complex
Baseline (test),0.6380830398000112
UFRF prior (test),0.6081339280717095
