{
  "input": "0603CT_8N2.s2p",
  "Sij": "S22",
  "Z0": 50.0,
  "train_points": 740,
  "test_points": 184,
  "baseline": {
    "model": "RLC series -> \u0393",
    "R": 100.0,
    "L": 1e-08,
    "C": 5e-12,
    "train_MSE": 0.5981410621437674,
    "test_MSE": 0.6380830398000112
  },
  "ufrf_prior": {
    "R": 92.85714285714286,
    "L": 1.5000000000000002e-08,
    "C": 7.5e-12,
    "a": 0.2,
    "phi": 3.141592653589793,
    "train_MSE": 0.5491943524875686,
    "test_MSE": 0.6081339280717095,
    "improvement_percent": 4.693607236087706
  }
}