{
  "input": "0603CT_2N5.s2p",
  "Sij": "S11",
  "Z0": 50.0,
  "train_points": 784,
  "test_points": 196,
  "baseline": {
    "model": "RLC series -> \u0393",
    "R": 76.70588235294117,
    "L": 4.720000000000001e-09,
    "C": 5e-12,
    "train_MSE": 0.5789448149791148,
    "test_MSE": 0.581163163365399
  },
  "ufrf_prior": {
    "R": 71.22689075630252,
    "L": 4.3828571428571434e-09,
    "C": 7.5e-12,
    "a": 0.2,
    "phi": 3.141592653589793,
    "train_MSE": 0.5398849901748071,
    "test_MSE": 0.5420728230580026,
    "improvement_percent": 6.726224711324103
  }
}