Model,MSE_complex
Baseline (test),0.3166394031363628
UFRF prior (test),0.2583154349125276
