Model,MSE_complex
Baseline (test),0.29810389533730214
UFRF prior (test),0.2364869186664861
