{
  "input": "LQP15MN1N9W02_series.s2p",
  "Sij": "S11",
  "Z0": 50.0,
  "train_points": 320,
  "test_points": 81,
  "baseline": {
    "model": "RLC series -> \u0393",
    "R": 70.88235294117646,
    "L": 2.7400000000000005e-09,
    "C": 5e-12,
    "train_MSE": 0.29539635779616247,
    "test_MSE": 0.29810389533730214
  },
  "ufrf_prior": {
    "R": 65.81932773109243,
    "L": 2.1528571428571435e-09,
    "C": 7.5e-12,
    "a": 0.2,
    "phi": 3.141592653589793,
    "train_MSE": 0.2329328968378767,
    "test_MSE": 0.2364869186664861,
    "improvement_percent": 20.669631505853665
  }
}