Model,MSE_complex
Baseline (test),0.0036158415019550963
UFRF prior (test),0.0036159803350939218
