{
  "input": "LQP15MN4N3B02_series.s2p",
  "Sij": "S12",
  "Z0": 50.0,
  "train_points": 321,
  "test_points": 80,
  "baseline": {
    "model": "delay+poly_complex_logf(deg=3)",
    "tau": -7.851866069228772e-12,
    "phi0": 0.3484990921776913,
    "train_MSE": 0.026990470395070014,
    "test_MSE": 0.029581908135762648
  },
  "train_improvement_percent": 0.3035312951173187,
  "gate_threshold_percent": 2.0,
  "gated": false
}