Model,MSE_complex
Baseline (test),0.49056839881715136
UFRF prior (test),0.4684456521504882
