Model,MSE_complex
Baseline (test),0.6080483562665879
UFRF prior (test),0.5807556918458542
