{
  "input": "0603CT_3N9.s2p",
  "Sij": "S11",
  "Z0": 50.0,
  "train_points": 769,
  "test_points": 192,
  "baseline": {
    "model": "RLC series -> \u0393",
    "R": 82.52941176470588,
    "L": 7.360000000000001e-09,
    "C": 5e-12,
    "train_MSE": 0.5810243315895723,
    "test_MSE": 0.6080483562665879
  },
  "ufrf_prior": {
    "R": 76.6344537815126,
    "L": 6.8342857142857155e-09,
    "C": 7.5e-12,
    "a": 0.2,
    "phi": 3.141592653589793,
    "train_MSE": 0.5389570099874536,
    "test_MSE": 0.5807556918458542,
    "improvement_percent": 4.488568078419041
  }
}