{
  "input": "LQP15MN1N4W02_series.s2p",
  "Sij": "S12",
  "Z0": 50.0,
  "train_points": 321,
  "test_points": 80,
  "baseline": {
    "model": "delay+poly_complex_logf(deg=3)",
    "tau": 8.486472060840666e-12,
    "phi0": 0.013351983365241123,
    "train_MSE": 0.0004165543829749123,
    "test_MSE": 0.0004894441689372569
  },
  "train_improvement_percent": 0.14354042591697339,
  "gate_threshold_percent": 2.0,
  "gated": false
}