{
  "input": "RCEC72A475K3DNH03A_DC0V_25degC_series.s2p",
  "Sij": "S21",
  "split": "block",
  "test_points": 80,
  "deg": 3,
  "ridge": 0.001,
  "n_cycles": 13,
  "gate": 0.02,
  "Z0": 50.0,
  "baseline_test_MSE": 2.423312554575948,
  "ufrf_test_MSE": 2.423312554575948,
  "improvement_percent": 0.0,
  "train_gain_used": 0.0035064536316453294,
  "used_ufrf": false,
  "tau_est": 8.693416495791738e-09,
  "phi0_est": 0.1748934858994666
}