{
  "input": "0603CT_5N6.s2p",
  "Sij": "S22",
  "Z0": 50.0,
  "train_points": 763,
  "test_points": 190,
  "baseline": {
    "model": "RLC series -> \u0393",
    "R": 88.35294117647058,
    "L": 1e-08,
    "C": 5e-12,
    "train_MSE": 0.5869681520630171,
    "test_MSE": 0.5875092052859678
  },
  "ufrf_prior": {
    "R": 82.04201680672267,
    "L": 9.285714285714288e-09,
    "C": 7.5e-12,
    "a": 0.2,
    "phi": 3.141592653589793,
    "train_MSE": 0.5452367566037275,
    "test_MSE": 0.5611745283465612,
    "improvement_percent": 4.482427969207445
  }
}