Model,MSE_complex
Baseline (test),0.5581666148364965
UFRF prior (test),0.5191081608037542
