{
  "input": "0603CT_12N.s2p",
  "Sij": "S12",
  "Z0": 50.0,
  "train_points": 724,
  "test_points": 181,
  "baseline": {
    "model": "delay+poly_complex_logf(deg=3)",
    "tau": 3.288762285670549e-11,
    "phi0": 0.13953348341556093,
    "train_MSE": 0.004005512587695113,
    "test_MSE": 0.0038397705212576184
  },
  "train_improvement_percent": 0.17127732120606057,
  "gate_threshold_percent": 2.0,
  "gated": false
}