Model,MSE_complex
Baseline (test),0.4849884334147263
UFRF prior (test),0.46191269394230905
