{
  "input": "RDEC71E106K2M1H03A_DC0V_25degC_series.s2p",
  "Sij": "S21",
  "split": "block",
  "test_points": 80,
  "deg": 3,
  "ridge": 0.001,
  "n_cycles": 13,
  "gate": 0.02,
  "Z0": 50.0,
  "baseline_test_MSE": 2.0609271862306078,
  "ufrf_test_MSE": 2.0609271862306078,
  "improvement_percent": 0.0,
  "train_gain_used": 0.001357353917284082,
  "used_ufrf": false,
  "tau_est": 6.343433017942862e-09,
  "phi0_est": 0.1270241194420594
}