Model,MSE_complex
Baseline (test),0.015215077307997552
UFRF prior (test),0.015361219234072281
