Model,MSE_complex
Baseline (test),0.015729760852246654
UFRF prior (test),0.015799266889698866
