{
  "input": "LQP15MN2N0B02_series.s2p",
  "Sij": "S12",
  "Z0": 50.0,
  "train_points": 321,
  "test_points": 80,
  "baseline": {
    "model": "delay+poly_complex_logf(deg=3)",
    "tau": 9.781438435622926e-12,
    "phi0": 0.06609299041223235,
    "train_MSE": 0.002004788159817551,
    "test_MSE": 0.002267395194063322
  },
  "train_improvement_percent": 0.11510948181413347,
  "gate_threshold_percent": 2.0,
  "gated": false
}