Model,MSE_complex
Baseline (test),0.9706549782267522
UFRF prior (test),0.9570807269319486
