{
  "input": "04AF720.s2p",
  "Sij": "S11",
  "Z0": 50.0,
  "train_points": 151,
  "test_points": 38,
  "baseline": {
    "model": "RLC series -> \u0393",
    "R": 100.0,
    "L": 1e-10,
    "C": 2e-13,
    "train_MSE": 0.632381588451855,
    "test_MSE": 0.6401952885166389
  },
  "ufrf_prior": {
    "R": 150.0,
    "L": 5e-11,
    "C": 1e-13,
    "a": 0.04,
    "phi": 2.5132741228718345,
    "train_MSE": 0.6177483323673483,
    "test_MSE": 0.626362949121772,
    "improvement_percent": 2.160643735275994
  }
}