{
  "input": "0603CT_5N1.s2p",
  "Sij": "S21",
  "split": "block",
  "test_points": 194,
  "deg": 3,
  "ridge": 0.001,
  "n_cycles": 13,
  "gate": 0.02,
  "Z0": 50.0,
  "baseline_test_MSE": 0.928175624473557,
  "ufrf_test_MSE": 0.928175624473557,
  "improvement_percent": 0.0,
  "train_gain_used": 0.005246731373117915,
  "used_ufrf": false,
  "tau_est": 4.7213920445673035e-11,
  "phi0_est": -0.002613993747653304
}