Model,MSE_complex
Baseline (test),0.32983363207553584
UFRF prior (test),0.26926857760768147
