{
  "input": "LQP15MN8N2B02_series.s2p",
  "Sij": "S22",
  "Z0": 50.0,
  "train_points": 321,
  "test_points": 80,
  "baseline": {
    "model": "RLC series -> \u0393",
    "R": 100.0,
    "L": 1e-08,
    "C": 5e-12,
    "train_MSE": 0.3177431194940706,
    "test_MSE": 0.32983363207553584
  },
  "ufrf_prior": {
    "R": 78.57142857142857,
    "L": 1.5000000000000002e-08,
    "C": 7.5e-12,
    "a": 0.2,
    "phi": 3.7699111843077517,
    "train_MSE": 0.24688262922180346,
    "test_MSE": 0.26926857760768147,
    "improvement_percent": 18.362304076372737
  }
}