{
  "input": "04AF101.s2p",
  "Sij": "S12",
  "Z0": 50.0,
  "train_points": 121,
  "test_points": 30,
  "baseline": {
    "model": "delay+poly_complex_logf(deg=3)",
    "tau": 1.7544658238997182e-10,
    "phi0": 0.15587016076586482,
    "train_MSE": 0.002225321147984024,
    "test_MSE": 0.0030127074050001735
  },
  "train_improvement_percent": 1.4690744710220436,
  "gate_threshold_percent": 2.0,
  "gated": false
}