Model,MSE_complex
Baseline (test),0.09755353349300441
UFRF prior (test),0.09863110943514353
