Model,MSE_complex
Baseline (test),0.0099030010270583
UFRF prior (test),0.009939337987714535
