{
  "input": "0603CT_18N.s2p",
  "Sij": "S12",
  "Z0": 50.0,
  "train_points": 717,
  "test_points": 179,
  "baseline": {
    "model": "delay+poly_complex_logf(deg=3)",
    "tau": 2.529878755759043e-11,
    "phi0": 0.21160694074647368,
    "train_MSE": 0.006224025833856043,
    "test_MSE": 0.0065956408384692565
  },
  "train_improvement_percent": 0.3327799950415321,
  "gate_threshold_percent": 2.0,
  "gated": false
}