Model,MSE_complex
Baseline (test),0.016360532611842997
UFRF prior (test),0.0164251782007572
