{
  "input": "0603CT_47N.s2p",
  "Sij": "S21",
  "split": "block",
  "test_points": 173,
  "deg": 3,
  "ridge": 0.001,
  "n_cycles": 13,
  "gate": 0.02,
  "Z0": 50.0,
  "baseline_test_MSE": 0.250688236455781,
  "ufrf_test_MSE": 0.250688236455781,
  "improvement_percent": 0.0,
  "train_gain_used": 0.003782252043394445,
  "used_ufrf": false,
  "tau_est": 2.7742024632789073e-10,
  "phi0_est": -0.04645127278570549
}