{
  "input": "GRM21BD70E107ME01_DC0V_25degC_series.s2p",
  "Sij": "S12",
  "Z0": 50.0,
  "train_points": 321,
  "test_points": 80,
  "baseline": {
    "model": "delay+poly_complex_logf(deg=3)",
    "tau": 2.821199517838201e-12,
    "phi0": -0.014626837772824822,
    "train_MSE": 0.00025501668117936985,
    "test_MSE": 0.0004313108768441966
  },
  "train_improvement_percent": 0.3204753703154374,
  "gate_threshold_percent": 2.0,
  "gated": false
}