{
  "input": "LQG15HH1N3C02_series.s2p",
  "Sij": "S12",
  "Z0": 50.0,
  "train_points": 321,
  "test_points": 80,
  "baseline": {
    "model": "delay+poly_complex_logf(deg=3)",
    "tau": 4.736011953000266e-13,
    "phi0": 0.09269565827880405,
    "train_MSE": 0.060085964737575784,
    "test_MSE": 0.03973382709864951
  },
  "train_improvement_percent": 0.814242976326864,
  "gate_threshold_percent": 2.0,
  "gated": false
}