Model,MSE_complex
Baseline (test),0.015284561645612814
UFRF prior (test),0.015427749762854135
