Model,MSE_complex
Baseline (test),0.8244410155057953
UFRF prior (test),0.8026436184099663
