{
  "input": "LQP15MN1N6W02_series.s2p",
  "Sij": "S22",
  "Z0": 50.0,
  "train_points": 321,
  "test_points": 80,
  "baseline": {
    "model": "RLC series -> \u0393",
    "R": 70.88235294117646,
    "L": 1.4200000000000003e-09,
    "C": 5e-12,
    "train_MSE": 0.2966377041360298,
    "test_MSE": 0.2944225520089205
  },
  "ufrf_prior": {
    "R": 65.81932773109243,
    "L": 1.5214285714285716e-09,
    "C": 7.5e-12,
    "a": 0.2,
    "phi": 3.7699111843077517,
    "train_MSE": 0.23162166234902218,
    "test_MSE": 0.2358434451501361,
    "improvement_percent": 19.896270329526093
  }
}