{
  "input": "GRM32ED70G227ME01_DC0V_25degC_series.s2p",
  "Sij": "S11",
  "Z0": 50.0,
  "train_points": 321,
  "test_points": 80,
  "baseline": {
    "model": "RLC series -> \u0393",
    "R": 76.70588235294117,
    "L": 1.4200000000000003e-09,
    "C": 5e-12,
    "train_MSE": 0.8292789486298506,
    "test_MSE": 0.819736383425111
  },
  "ufrf_prior": {
    "R": 71.22689075630252,
    "L": 1.1157142857142858e-09,
    "C": 7.5e-12,
    "a": 0.2,
    "phi": 5.654866776461628,
    "train_MSE": 0.8051330045741641,
    "test_MSE": 0.8062755635386155,
    "improvement_percent": 1.6420913062626366
  }
}