Model,MSE_complex
Baseline (test),0.3216600870177776
UFRF prior (test),0.26952018568591746
