Model,MSE_complex
Baseline (test),0.20940821434544887
UFRF prior (test),0.20960954838652146
