{
  "input": "NFZ5BBW220LN10_series.s2p",
  "Sij": "S11",
  "Z0": 50.0,
  "train_points": 320,
  "test_points": 81,
  "baseline": {
    "model": "RLC series -> \u0393",
    "R": 88.35294117647058,
    "L": 3.4000000000000007e-09,
    "C": 2.12e-12,
    "train_MSE": 0.20592305783220524,
    "test_MSE": 0.20940821434544887
  },
  "ufrf_prior": {
    "R": 82.04201680672267,
    "L": 3.6428571428571435e-09,
    "C": 1.9685714285714282e-12,
    "a": 0.0,
    "phi": 0.0,
    "train_MSE": 0.20604590092018,
    "test_MSE": 0.20960954838652146,
    "improvement_percent": -0.09614429009000472
  }
}