Model,MSE_complex
Baseline (test),0.2926841618643877
UFRF prior (test),0.23714947595416258
