Model,MSE_complex
Baseline (test),0.6469708637188248
UFRF prior (test),0.5898293106592273
