{
  "rmse_ufrf": 0.3652846382245175,
  "rmse_baseline": 0.43711656743362476,
  "aic_ufrf": -76.58042868171952,
  "aic_baseline": -61.859540730091936,
  "bic_ufrf": -71.4397124816066,
  "bic_baseline": -56.71882452997902
}