{
  "phi_enrichment": {
    "n": 41,
    "hits": 22,
    "frac": 0.5365853658536586,
    "p0": 0.26666666666666666,
    "pval": 0.00022350098805063907,
    "delta": 0.05,
    "k": 19
  },
  "phi_inv": 0.6180339887498948
}