{
  "input": "LQP15MN2N0B02_series.s2p",
  "Sij": "S21",
  "split": "block",
  "test_points": 80,
  "deg": 3,
  "ridge": 0.001,
  "n_cycles": 13,
  "gate": 0.02,
  "Z0": 50.0,
  "baseline_test_MSE": 0.9118837223588858,
  "ufrf_test_MSE": 0.9118837223588858,
  "improvement_percent": 0.0,
  "train_gain_used": 0.0036275948676461702,
  "used_ufrf": false,
  "tau_est": 1.547199294265027e-11,
  "phi0_est": -0.0019026379730647351
}