Model,MSE_complex
Baseline (test),0.004869954821811526
UFRF prior (test),0.004871469346903268
