Model,MSE_complex
Baseline (test),0.3233161657754894
UFRF prior (test),0.27274829735894146
