{
  "input": "LQP15MN5N6B02_series.s2p",
  "Sij": "S11",
  "Z0": 50.0,
  "train_points": 321,
  "test_points": 80,
  "baseline": {
    "model": "RLC series -> \u0393",
    "R": 88.35294117647058,
    "L": 1e-08,
    "C": 5e-12,
    "train_MSE": 0.3069452898762912,
    "test_MSE": 0.3233161657754894
  },
  "ufrf_prior": {
    "R": 82.04201680672267,
    "L": 1.0714285714285716e-08,
    "C": 7.5e-12,
    "a": 0.2,
    "phi": 3.7699111843077517,
    "train_MSE": 0.2502000487023874,
    "test_MSE": 0.27274829735894146,
    "improvement_percent": 15.64037736723076
  }
}