{
  "input": "RCER71E335K2M1H03A_DC0V_25degC_series.s2p",
  "Sij": "S12",
  "Z0": 50.0,
  "train_points": 321,
  "test_points": 80,
  "baseline": {
    "model": "delay+poly_complex_logf(deg=3)",
    "tau": 8.155388506501401e-10,
    "phi0": -0.2315915109279409,
    "train_MSE": 0.008028845920700214,
    "test_MSE": 0.010237720829222483
  },
  "train_improvement_percent": 0.36507286544247175,
  "gate_threshold_percent": 2.0,
  "gated": false
}