Model,MSE_complex
Baseline (test),0.8689876015848194
UFRF prior (test),0.8554346896115277
