Model,MSE_complex
Baseline (test),0.9374826330113026
UFRF prior (test),0.9239210864057165
