{
  "input": "LQP15MN3N2W02_series.s2p",
  "Sij": "S21",
  "split": "block",
  "test_points": 80,
  "deg": 3,
  "ridge": 0.001,
  "n_cycles": 13,
  "gate": 0.02,
  "Z0": 50.0,
  "baseline_test_MSE": 0.3427102661239804,
  "ufrf_test_MSE": 0.3427102661239804,
  "improvement_percent": 0.0,
  "train_gain_used": 0.0028021766993051277,
  "used_ufrf": false,
  "tau_est": 2.5386403320679222e-11,
  "phi0_est": -0.007976235450455603
}