Model,MSE_complex
Baseline (test),0.8786731792579945
UFRF prior (test),0.8611363120875926
