Model,MSE_complex
Baseline (test),0.9059421737929025
UFRF prior (test),0.8883871594698197
