Model,MSE_complex
Baseline (test),0.6070294709387691
UFRF prior (test),0.5741567231146524
