Model,MSE_complex
Baseline (test),0.29506967447379445
UFRF prior (test),0.23706461293742423
