{
  "input": "LQP15MN2N2B02_series.s2p",
  "Sij": "S21",
  "split": "block",
  "test_points": 80,
  "deg": 3,
  "ridge": 0.001,
  "n_cycles": 13,
  "gate": 0.02,
  "Z0": 50.0,
  "baseline_test_MSE": 0.7838989938082195,
  "ufrf_test_MSE": 0.7838989938082195,
  "improvement_percent": 0.0,
  "train_gain_used": 0.0035017287976326803,
  "used_ufrf": false,
  "tau_est": 1.7325709530340608e-11,
  "phi0_est": -0.0023113388060912892
}