Model,MSE_complex
Baseline (test),0.006818331649223998
UFRF prior (test),0.006810265681882521
