Model,MSE_complex
Baseline (test),0.3022912312936762
UFRF prior (test),0.24323016395292768
