{
  "input": "LQP15MN2N8W02_series.s2p",
  "Sij": "S11",
  "Z0": 50.0,
  "train_points": 320,
  "test_points": 81,
  "baseline": {
    "model": "RLC series -> \u0393",
    "R": 76.70588235294117,
    "L": 4.720000000000001e-09,
    "C": 5e-12,
    "train_MSE": 0.2985038131893164,
    "test_MSE": 0.3022912312936762
  },
  "ufrf_prior": {
    "R": 71.22689075630252,
    "L": 4.3828571428571434e-09,
    "C": 7.5e-12,
    "a": 0.2,
    "phi": 3.141592653589793,
    "train_MSE": 0.23879933105906626,
    "test_MSE": 0.24323016395292768,
    "improvement_percent": 19.537803689505843
  }
}