Model,MSE_complex
Baseline (test),0.010439868705974756
UFRF prior (test),0.010460067242373448
