Model,MSE_complex
Baseline (test),0.8935687582851066
UFRF prior (test),0.8799942833540068
