{
  "input": "0603CT_16N.s2p",
  "Sij": "S22",
  "Z0": 50.0,
  "train_points": 717,
  "test_points": 179,
  "baseline": {
    "model": "RLC series -> \u0393",
    "R": 100.0,
    "L": 1e-08,
    "C": 5e-12,
    "train_MSE": 0.6432183848375745,
    "test_MSE": 0.673169576119662
  },
  "ufrf_prior": {
    "R": 121.42857142857143,
    "L": 1.5000000000000002e-08,
    "C": 7.5e-12,
    "a": 0.2,
    "phi": 2.5132741228718345,
    "train_MSE": 0.5741776342211906,
    "test_MSE": 0.618416100152711,
    "improvement_percent": 8.133682493877009
  }
}