Model,MSE_complex
Baseline (test),0.8923572588102269
UFRF prior (test),0.8787803472091688
