Model,MSE_complex
Baseline (test),0.9413314541817315
UFRF prior (test),0.9277247692773825
