{
  "input": "0603CT_3N3.s2p",
  "Sij": "S21",
  "split": "block",
  "test_points": 194,
  "deg": 3,
  "ridge": 0.001,
  "n_cycles": 13,
  "gate": 0.02,
  "Z0": 50.0,
  "baseline_test_MSE": 1.132373477602088,
  "ufrf_test_MSE": 1.132373477602088,
  "improvement_percent": 0.0,
  "train_gain_used": 0.005813722478435162,
  "used_ufrf": false,
  "tau_est": 3.203863303649538e-11,
  "phi0_est": -0.0006623884639150345
}