{
  "input": "NFZ32BW881HN10_series.s2p",
  "Sij": "S11",
  "Z0": 50.0,
  "train_points": 321,
  "test_points": 80,
  "baseline": {
    "model": "RLC series -> \u0393",
    "R": 59.23529411764706,
    "L": 1e-10,
    "C": 1.48e-12,
    "train_MSE": 0.0009217984070963986,
    "test_MSE": 0.0008714869131406523
  },
  "ufrf_prior": {
    "R": 63.46638655462184,
    "L": 1.5e-10,
    "C": 1.3742857142857143e-12,
    "a": 0.0,
    "phi": 0.0,
    "train_MSE": 0.0011364527047219085,
    "test_MSE": 0.0010445846393841822,
    "improvement_percent": -19.86234372926184
  }
}