{
  "input": "LQG15HH12NG02_series.s2p",
  "Sij": "S11",
  "Z0": 50.0,
  "train_points": 321,
  "test_points": 80,
  "baseline": {
    "model": "RLC series -> \u0393",
    "R": 100.0,
    "L": 1e-10,
    "C": 5e-12,
    "train_MSE": 0.46662545220875234,
    "test_MSE": 0.46367040889073063
  },
  "ufrf_prior": {
    "R": 150.0,
    "L": 5e-11,
    "C": 7.5e-12,
    "a": 0.2,
    "phi": 3.7699111843077517,
    "train_MSE": 0.3636889573560073,
    "test_MSE": 0.3639903995093788,
    "improvement_percent": 21.49803124590653
  }
}