{
  "input": "NFZ32BW520HZ11_series.s2p",
  "Sij": "S21",
  "split": "block",
  "test_points": 80,
  "deg": 3,
  "ridge": 0.001,
  "n_cycles": 13,
  "gate": 0.02,
  "Z0": 50.0,
  "baseline_test_MSE": 2.1571678457857866,
  "ufrf_test_MSE": 2.1571678457857866,
  "improvement_percent": 0.0,
  "train_gain_used": 0.00043350737205170734,
  "used_ufrf": false,
  "tau_est": -7.491868724495301e-10,
  "phi0_est": -0.7630340748604107
}