Model,MSE_complex
Baseline (test),0.000971550944984511
UFRF prior (test),0.0009499519180624017
