Model,MSE_complex
Baseline (test),0.9820590974487731
UFRF prior (test),0.9684825247217809
