Model,MSE_complex
Baseline (test),0.004999843795575195
UFRF prior (test),0.005002978128350349
