{
  "input": "0603CT_2N5.s2p",
  "Sij": "S21",
  "split": "block",
  "test_points": 196,
  "deg": 3,
  "ridge": 0.001,
  "n_cycles": 13,
  "gate": 0.02,
  "Z0": 50.0,
  "baseline_test_MSE": 1.0953149843188907,
  "ufrf_test_MSE": 1.0953149843188907,
  "improvement_percent": 0.0,
  "train_gain_used": 0.006148390625709274,
  "used_ufrf": false,
  "tau_est": 2.467269390793689e-11,
  "phi0_est": -0.000217207427895469
}