Model,MSE_complex
Baseline (test),0.5809476243126569
UFRF prior (test),0.5420638779010174
