{
  "input": "0603CT_3N6.s2p",
  "Sij": "S11",
  "Z0": 50.0,
  "train_points": 779,
  "test_points": 195,
  "baseline": {
    "model": "RLC series -> \u0393",
    "R": 82.52941176470588,
    "L": 6.040000000000001e-09,
    "C": 5e-12,
    "train_MSE": 0.5792239377924508,
    "test_MSE": 0.5809476243126569
  },
  "ufrf_prior": {
    "R": 76.6344537815126,
    "L": 5.6085714285714295e-09,
    "C": 7.5e-12,
    "a": 0.2,
    "phi": 3.141592653589793,
    "train_MSE": 0.5403026773768759,
    "test_MSE": 0.5420638779010174,
    "improvement_percent": 6.693158691826042
  }
}