{
  "input": "0603CT_12N.s2p",
  "Sij": "S21",
  "split": "block",
  "test_points": 181,
  "deg": 3,
  "ridge": 0.001,
  "n_cycles": 13,
  "gate": 0.02,
  "Z0": 50.0,
  "baseline_test_MSE": 0.6567370808301288,
  "ufrf_test_MSE": 0.6567370808301288,
  "improvement_percent": 0.0,
  "train_gain_used": 0.0045628898356119,
  "used_ufrf": false,
  "tau_est": 1.0466945787935671e-10,
  "phi0_est": -0.006360436921286648
}