Model,MSE_complex
Baseline (test),0.5575947032209528
UFRF prior (test),0.5234498913210466
