{
  "input": "0603CT_1N0.s2p",
  "Sij": "S22",
  "Z0": 50.0,
  "train_points": 819,
  "test_points": 204,
  "baseline": {
    "model": "RLC series -> \u0393",
    "R": 70.88235294117646,
    "L": 1.4200000000000003e-09,
    "C": 5e-12,
    "train_MSE": 0.5572328216756758,
    "test_MSE": 0.5575947032209528
  },
  "ufrf_prior": {
    "R": 65.81932773109243,
    "L": 1.3185714285714288e-09,
    "C": 7.5e-12,
    "a": 0.2,
    "phi": 3.141592653589793,
    "train_MSE": 0.5168474468916615,
    "test_MSE": 0.5234498913210466,
    "improvement_percent": 6.123589715373607
  }
}