{
  "input": "LQP15MN3N4W02_series.s2p",
  "Sij": "S11",
  "Z0": 50.0,
  "train_points": 321,
  "test_points": 80,
  "baseline": {
    "model": "RLC series -> \u0393",
    "R": 82.52941176470588,
    "L": 6.040000000000001e-09,
    "C": 5e-12,
    "train_MSE": 0.3039655812713732,
    "test_MSE": 0.31319928726714164
  },
  "ufrf_prior": {
    "R": 76.6344537815126,
    "L": 5.6085714285714295e-09,
    "C": 7.5e-12,
    "a": 0.2,
    "phi": 3.7699111843077517,
    "train_MSE": 0.24462240788688322,
    "test_MSE": 0.2604730063012683,
    "improvement_percent": 16.834738490608615
  }
}