{
  "input": "RCER71E475K2K1H03B_DC0V_25degC_series.s2p",
  "Sij": "S12",
  "Z0": 50.0,
  "train_points": 321,
  "test_points": 80,
  "baseline": {
    "model": "delay+poly_complex_logf(deg=3)",
    "tau": 6.875188724295255e-10,
    "phi0": -0.19353302546845558,
    "train_MSE": 0.006899696137474137,
    "test_MSE": 0.008743400464908447
  },
  "train_improvement_percent": 0.41560407802041294,
  "gate_threshold_percent": 2.0,
  "gated": false
}