Model,MSE_complex
Baseline (test),0.5014933718021667
UFRF prior (test),0.4788646145367834
