{
  "input": "04AF221.s2p",
  "Sij": "S11",
  "Z0": 50.0,
  "train_points": 152,
  "test_points": 37,
  "baseline": {
    "model": "RLC series -> \u0393",
    "R": 100.0,
    "L": 1e-10,
    "C": 2e-13,
    "train_MSE": 0.5097431670066107,
    "test_MSE": 0.5014933718021667
  },
  "ufrf_prior": {
    "R": 150.0,
    "L": 5e-11,
    "C": 1e-13,
    "a": 0.04,
    "phi": 2.5132741228718345,
    "train_MSE": 0.4943580911510671,
    "test_MSE": 0.4788646145367834,
    "improvement_percent": 4.51227444623337
  }
}