Model,MSE_complex
Baseline (test),0.9818089262693686
UFRF prior (test),0.9642539962658482
