Model,MSE_complex
Baseline (test),0.01042766852195485
UFRF prior (test),0.010408300526095432
