Model,MSE_complex
Baseline (test),0.017203003135628715
UFRF prior (test),0.017281012349460216
