{
  "input": "LQP15MN3N8W02_series.s2p",
  "Sij": "S12",
  "Z0": 50.0,
  "train_points": 321,
  "test_points": 80,
  "baseline": {
    "model": "delay+poly_complex_logf(deg=3)",
    "tau": -6.206926441902221e-12,
    "phi0": 0.32370109156621885,
    "train_MSE": 0.02471649631294377,
    "test_MSE": 0.027052673616356333
  },
  "train_improvement_percent": 0.3122833858716529,
  "gate_threshold_percent": 2.0,
  "gated": false
}