{
  "input": "RDEC71E476MWK1H03B_DC0V_25degC_series.s2p",
  "Sij": "S22",
  "Z0": 50.0,
  "train_points": 321,
  "test_points": 80,
  "baseline": {
    "model": "RLC series -> \u0393",
    "R": 100.0,
    "L": 1e-08,
    "C": 5e-12,
    "train_MSE": 0.9843013467629163,
    "test_MSE": 0.9818089262693686
  },
  "ufrf_prior": {
    "R": 150.0,
    "L": 1.5000000000000002e-08,
    "C": 7.5e-12,
    "a": 0.2,
    "phi": 0.0,
    "train_MSE": 0.9728233739013532,
    "test_MSE": 0.9642539962658482,
    "improvement_percent": 1.7880189855499453
  }
}