{
  "input": "NFZ5BBW220LZ10_series.s2p",
  "Sij": "S22",
  "Z0": 50.0,
  "train_points": 321,
  "test_points": 80,
  "baseline": {
    "model": "RLC series -> \u0393",
    "R": 82.52941176470588,
    "L": 3.4000000000000007e-09,
    "C": 2.12e-12,
    "train_MSE": 0.20577679817144207,
    "test_MSE": 0.21014505564496422
  },
  "ufrf_prior": {
    "R": 88.42436974789916,
    "L": 3.6428571428571435e-09,
    "C": 1.9685714285714282e-12,
    "a": 0.0,
    "phi": 0.0,
    "train_MSE": 0.20594213206376413,
    "test_MSE": 0.20959634645982556,
    "improvement_percent": 0.2611097289225285
  }
}