Model,MSE_complex
Baseline (test),0.3848944214279001
UFRF prior (test),0.2921814528592726
