Model,MSE_complex
Baseline (test),0.7098900250016342
UFRF prior (test),0.6887410506849108
