{
  "input": "0603CT_51N.s2p",
  "Sij": "S22",
  "Z0": 50.0,
  "train_points": 692,
  "test_points": 173,
  "baseline": {
    "model": "RLC series -> \u0393",
    "R": 100.0,
    "L": 1e-10,
    "C": 2e-13,
    "train_MSE": 0.6807883263617758,
    "test_MSE": 0.7098900250016342
  },
  "ufrf_prior": {
    "R": 150.0,
    "L": 5e-11,
    "C": 1e-13,
    "a": 0.08,
    "phi": 3.141592653589793,
    "train_MSE": 0.6593820776461582,
    "test_MSE": 0.6887410506849108,
    "improvement_percent": 2.9791902367799548
  }
}