Model,MSE_complex
Baseline (test),0.010924976295997795
UFRF prior (test),0.010958355699240993
