Model,MSE_complex
Baseline (test),0.009043259963838113
UFRF prior (test),0.009164469317737768
