Model,MSE_complex
Baseline (test),0.015079398347040852
UFRF prior (test),0.015236038320364537
