{
  "input": "04AF301.s2p",
  "Sij": "S22",
  "Z0": 50.0,
  "train_points": 152,
  "test_points": 37,
  "baseline": {
    "model": "RLC series -> \u0393",
    "R": 100.0,
    "L": 1e-10,
    "C": 2e-13,
    "train_MSE": 0.46895053971847583,
    "test_MSE": 0.4711816836217517
  },
  "ufrf_prior": {
    "R": 150.0,
    "L": 5e-11,
    "C": 1e-13,
    "a": 0.04,
    "phi": 3.141592653589793,
    "train_MSE": 0.4553376188719938,
    "test_MSE": 0.45099697276736367,
    "improvement_percent": 4.283848790393906
  }
}