{
  "input": "LQG15HH1N0S02_series.s2p",
  "Sij": "S12",
  "Z0": 50.0,
  "train_points": 321,
  "test_points": 80,
  "baseline": {
    "model": "delay+poly_complex_logf(deg=3)",
    "tau": 7.992907089436886e-13,
    "phi0": 0.1227005554018431,
    "train_MSE": 0.039496337048341226,
    "test_MSE": 0.0504500338068841
  },
  "train_improvement_percent": 0.8091603885904561,
  "gate_threshold_percent": 2.0,
  "gated": false
}