Model,MSE_complex
Baseline (test),0.154147829130446
UFRF prior (test),0.15374029491350047
