{
  "input": "LQP15MN6N8B02_series.s2p",
  "Sij": "S22",
  "Z0": 50.0,
  "train_points": 321,
  "test_points": 80,
  "baseline": {
    "model": "RLC series -> \u0393",
    "R": 94.17647058823529,
    "L": 1e-08,
    "C": 5e-12,
    "train_MSE": 0.3115998147209794,
    "test_MSE": 0.32621039380609057
  },
  "ufrf_prior": {
    "R": 87.44957983193277,
    "L": 1.3571428571428573e-08,
    "C": 7.5e-12,
    "a": 0.2,
    "phi": 3.7699111843077517,
    "train_MSE": 0.24975816004653964,
    "test_MSE": 0.2733928672566813,
    "improvement_percent": 16.191245758038477
  }
}