Model,MSE_complex
Baseline (test),0.32036720810194386
UFRF prior (test),0.2680782828376014
