{
  "input": "RCER71H475K3A2H03B_DC0V_25degC_series.s2p",
  "Sij": "S12",
  "Z0": 50.0,
  "train_points": 321,
  "test_points": 80,
  "baseline": {
    "model": "delay+poly_complex_logf(deg=3)",
    "tau": 6.710885883117398e-10,
    "phi0": -0.19183579261482062,
    "train_MSE": 0.0068063847958608,
    "test_MSE": 0.008625425427337559
  },
  "train_improvement_percent": 0.415850667573331,
  "gate_threshold_percent": 2.0,
  "gated": false
}