{
  "input": "BLE32PN260SH1_series.s2p",
  "Sij": "S12",
  "Z0": 50.0,
  "train_points": 321,
  "test_points": 80,
  "baseline": {
    "model": "delay+poly_complex_logf(deg=3)",
    "tau": -2.724911093612502e-12,
    "phi0": 0.0801501721151773,
    "train_MSE": 0.00048457485347599386,
    "test_MSE": 0.0005439153835147182
  },
  "train_improvement_percent": 0.14454595252142824,
  "gate_threshold_percent": 2.0,
  "gated": false
}