Model,MSE_complex
Baseline (test),0.007726414944216262
UFRF prior (test),0.007755057743419161
