Model,MSE_complex
Baseline (test),0.6668468200004842
UFRF prior (test),0.6254208196771954
