Model,MSE_complex
Baseline (test),0.008982423789956541
UFRF prior (test),0.009008195152030524
