{
  "input": "LQW18AN4N2B8Z_series.s2p",
  "Sij": "S12",
  "Z0": 50.0,
  "train_points": 321,
  "test_points": 80,
  "baseline": {
    "model": "delay+poly_complex_logf(deg=3)",
    "tau": 1.362648513518951e-12,
    "phi0": 0.3048449516340776,
    "train_MSE": 0.005489480824753202,
    "test_MSE": 0.006118004344987707
  },
  "train_improvement_percent": 0.1426907614238088,
  "gate_threshold_percent": 2.0,
  "gated": false
}