{
  "input": "RCEC72A475MWK1H03B_DC0V_25degC_series.s2p",
  "Sij": "S12",
  "Z0": 50.0,
  "train_points": 321,
  "test_points": 80,
  "baseline": {
    "model": "delay+poly_complex_logf(deg=3)",
    "tau": 7.135586456458643e-10,
    "phi0": -0.2023029704291491,
    "train_MSE": 0.007173644865074577,
    "test_MSE": 0.009102411319214746
  },
  "train_improvement_percent": 0.4031072946649364,
  "gate_threshold_percent": 2.0,
  "gated": false
}