{
  "input": "NFZ5BBW140LN10_series.s2p",
  "Sij": "S12",
  "Z0": 50.0,
  "train_points": 321,
  "test_points": 80,
  "baseline": {
    "model": "delay+poly_complex_logf(deg=3)",
    "tau": -4.850445919439406e-11,
    "phi0": 0.2044020632713524,
    "train_MSE": 0.02681502514328888,
    "test_MSE": 0.029474174102690383
  },
  "train_improvement_percent": 0.17376088029641407,
  "gate_threshold_percent": 2.0,
  "gated": false
}