{
  "input": "LQP15MN2N8W02_series.s2p",
  "Sij": "S12",
  "Z0": 50.0,
  "train_points": 321,
  "test_points": 80,
  "baseline": {
    "model": "delay+poly_complex_logf(deg=3)",
    "tau": -4.083172303301973e-13,
    "phi0": 0.23633559384560288,
    "train_MSE": 0.010697093716098519,
    "test_MSE": 0.012040089575582367
  },
  "train_improvement_percent": 0.2947468191995201,
  "gate_threshold_percent": 2.0,
  "gated": false
}