Model,MSE_complex
Baseline (test),0.008526410204066174
UFRF prior (test),0.00855281479149783
