Model,MSE_complex
Baseline (test),0.49074850533265796
UFRF prior (test),0.3708466917081042
