Model,MSE_complex
Baseline (test),0.8241759289362196
UFRF prior (test),0.8022065818822234
