{
  "input": "NFZ32BW520HN11_series.s2p",
  "Sij": "S22",
  "Z0": 50.0,
  "train_points": 321,
  "test_points": 80,
  "baseline": {
    "model": "RLC series -> \u0393",
    "R": 53.41176470588235,
    "L": 1e-10,
    "C": 1.48e-12,
    "train_MSE": 0.10551647129158563,
    "test_MSE": 0.10210332849290182
  },
  "ufrf_prior": {
    "R": 57.22689075630252,
    "L": 1.5e-10,
    "C": 1.3742857142857143e-12,
    "a": 0.0,
    "phi": 0.0,
    "train_MSE": 0.10533442549440415,
    "test_MSE": 0.10188458950566356,
    "improvement_percent": 0.21423296425979502
  }
}