Model,MSE_complex
Baseline (test),0.8189852056725633
UFRF prior (test),0.8061437787279031
