Model,MSE_complex
Baseline (test),0.32621039380609057
UFRF prior (test),0.2733928672566813
