{
  "input": "LQP15MN15NG02_series.s2p",
  "Sij": "S21",
  "split": "block",
  "test_points": 80,
  "deg": 3,
  "ridge": 0.001,
  "n_cycles": 13,
  "gate": 0.02,
  "Z0": 50.0,
  "baseline_test_MSE": 0.30589609740660856,
  "ufrf_test_MSE": 0.30589609740660856,
  "improvement_percent": 0.0,
  "train_gain_used": 0.0070719269767783284,
  "used_ufrf": false,
  "tau_est": 4.0533313039641604e-11,
  "phi0_est": -0.21620930423176163
}