Model,MSE_complex
Baseline (test),0.00373243820501545
UFRF prior (test),0.0037496730321120537
