{
  "input": "RCEC71H475K2A2H03B_DC0V_25degC_series.s2p",
  "Sij": "S11",
  "Z0": 50.0,
  "train_points": 321,
  "test_points": 80,
  "baseline": {
    "model": "RLC series -> \u0393",
    "R": 100.0,
    "L": 1e-08,
    "C": 5e-12,
    "train_MSE": 0.8946186237453189,
    "test_MSE": 0.9035388269356595
  },
  "ufrf_prior": {
    "R": 150.0,
    "L": 1.5000000000000002e-08,
    "C": 7.5e-12,
    "a": 0.2,
    "phi": 0.0,
    "train_MSE": 0.8831111574061705,
    "test_MSE": 0.8859423536229631,
    "improvement_percent": 1.9475060493387464
  }
}