{
  "input": "0603CT_27N.s2p",
  "Sij": "S11",
  "Z0": 50.0,
  "train_points": 708,
  "test_points": 176,
  "baseline": {
    "model": "RLC series -> \u0393",
    "R": 100.0,
    "L": 1e-08,
    "C": 5e-12,
    "train_MSE": 0.6803569298542866,
    "test_MSE": 0.6905102019318772
  },
  "ufrf_prior": {
    "R": 150.0,
    "L": 1.5000000000000002e-08,
    "C": 7.5e-12,
    "a": 0.2,
    "phi": 0.6283185307179586,
    "train_MSE": 0.5919355554146374,
    "test_MSE": 0.6210020781639861,
    "improvement_percent": 10.066197946594341
  }
}