Model,MSE_complex
Baseline (test),0.6855757615449791
UFRF prior (test),0.6200523067525631
