Model,MSE_complex
Baseline (test),0.3116123981130219
UFRF prior (test),0.25436311461167305
