Model,MSE_complex
Baseline (test),0.8772183794601904
UFRF prior (test),0.8596955889277232
