Model,MSE_complex
Baseline (test),0.020486890275381593
UFRF prior (test),0.02072969106166469
