{
  "input": "RHEL81H335K3M1H03A_DC0V_25degC_series.s2p",
  "Sij": "S21",
  "split": "block",
  "test_points": 80,
  "deg": 3,
  "ridge": 0.001,
  "n_cycles": 13,
  "gate": 0.02,
  "Z0": 50.0,
  "baseline_test_MSE": 2.3493107112362015,
  "ufrf_test_MSE": 2.3493107112362015,
  "improvement_percent": 0.0,
  "train_gain_used": 0.0065754982543195185,
  "used_ufrf": false,
  "tau_est": 9.655619893483382e-09,
  "phi0_est": 0.19412046244807596
}