Model,MSE_complex
Baseline (test),0.30206933873811254
UFRF prior (test),0.24344458730806612
