{
  "input": "LQW04CA90NK00_series.s2p",
  "Sij": "S12",
  "Z0": 50.0,
  "train_points": 321,
  "test_points": 80,
  "baseline": {
    "model": "delay+poly_complex_logf(deg=3)",
    "tau": -1.9393656296555424e-11,
    "phi0": 0.46533900821392615,
    "train_MSE": 0.008987934351793016,
    "test_MSE": 0.011313942692463648
  },
  "train_improvement_percent": 0.29056342381193356,
  "gate_threshold_percent": 2.0,
  "gated": false
}