Model,MSE_complex
Baseline (test),0.31424787346975125
UFRF prior (test),0.2590495750654528
