{
  "input": "LQP15MN5N6B02_series.s2p",
  "Sij": "S11",
  "Z0": 50.0,
  "train_points": 320,
  "test_points": 81,
  "baseline": {
    "model": "RLC series -> \u0393",
    "R": 88.35294117647058,
    "L": 1e-08,
    "C": 5e-12,
    "train_MSE": 0.3091895423789962,
    "test_MSE": 0.31424787346975125
  },
  "ufrf_prior": {
    "R": 82.04201680672267,
    "L": 1.0714285714285716e-08,
    "C": 7.5e-12,
    "a": 0.2,
    "phi": 3.141592653589793,
    "train_MSE": 0.25352845038920196,
    "test_MSE": 0.2590495750654528,
    "improvement_percent": 17.565209843691026
  }
}