Model,MSE_complex
Baseline (test),0.006040067875868792
UFRF prior (test),0.006050072229423293
