Model,MSE_complex
Baseline (test),0.034898212804913044
UFRF prior (test),0.035159867688394866
