{
  "input": "BLE32PN260SH1_series.s2p",
  "Sij": "S21",
  "split": "block",
  "test_points": 80,
  "deg": 3,
  "ridge": 0.001,
  "n_cycles": 13,
  "gate": 0.02,
  "Z0": 50.0,
  "baseline_test_MSE": 0.019373202638400942,
  "ufrf_test_MSE": 0.019373202638400942,
  "improvement_percent": 0.0,
  "train_gain_used": 0.0010649360739333515,
  "used_ufrf": false,
  "tau_est": 3.6521974888085297e-11,
  "phi0_est": -0.0577849054201367
}