Model,MSE_complex
Baseline (test),0.31933212477124007
UFRF prior (test),0.319341508537173
