{
  "input": "04AF471.s2p",
  "Sij": "S22",
  "Z0": 50.0,
  "train_points": 152,
  "test_points": 37,
  "baseline": {
    "model": "RLC series -> \u0393",
    "R": 100.0,
    "L": 1e-10,
    "C": 2e-13,
    "train_MSE": 0.4120090690864748,
    "test_MSE": 0.4306191190028856
  },
  "ufrf_prior": {
    "R": 150.0,
    "L": 5e-11,
    "C": 1e-13,
    "a": 0.04,
    "phi": 3.141592653589793,
    "train_MSE": 0.39835309059084273,
    "test_MSE": 0.4099395998752536,
    "improvement_percent": 4.802276121765375
  }
}