Model,MSE_complex
Baseline (test),0.8344855353324592
UFRF prior (test),0.8210412671526399
