{
  "input": "KCM55WR71E686MH01_DC0V_25degC_series.s2p",
  "Sij": "S11",
  "Z0": 50.0,
  "train_points": 321,
  "test_points": 80,
  "baseline": {
    "model": "RLC series -> \u0393",
    "R": 100.0,
    "L": 7.600000000000001e-10,
    "C": 5e-12,
    "train_MSE": 0.8381400999830233,
    "test_MSE": 0.8344855353324592
  },
  "ufrf_prior": {
    "R": 92.85714285714286,
    "L": 3.8000000000000003e-10,
    "C": 7.5e-12,
    "a": 0.2,
    "phi": 5.026548245743669,
    "train_MSE": 0.8143580272957007,
    "test_MSE": 0.8210412671526399,
    "improvement_percent": 1.611084627663804
  }
}