Model,MSE_complex
Baseline (test),0.007430576045082257
UFRF prior (test),0.0074029613348178544
