Model,MSE_complex
Baseline (test),0.010645136345013281
UFRF prior (test),0.0106648465046273
