Model,MSE_complex
Baseline (test),0.008461789186775594
UFRF prior (test),0.008214187326192623
