Model,MSE_complex
Baseline (test),0.05657545801190165
UFRF prior (test),0.05694033254179781
