Model,MSE_complex
Baseline (test),0.7111501717887104
UFRF prior (test),0.6147154383894712
