{
  "input": "0603CT_39N.s2p",
  "Sij": "S11",
  "Z0": 50.0,
  "train_points": 693,
  "test_points": 174,
  "baseline": {
    "model": "RLC series -> \u0393",
    "R": 100.0,
    "L": 1e-08,
    "C": 5e-12,
    "train_MSE": 0.7112401563121814,
    "test_MSE": 0.7111501717887104
  },
  "ufrf_prior": {
    "R": 150.0,
    "L": 1.5000000000000002e-08,
    "C": 7.5e-12,
    "a": 0.2,
    "phi": 3.141592653589793,
    "train_MSE": 0.6144536956753246,
    "test_MSE": 0.6147154383894712,
    "improvement_percent": 13.560389524575823
  }
}