Model,MSE_complex
Baseline (test),0.011392650450190731
UFRF prior (test),0.011396989510727196
