{
  "input": "LQP15MN3N9B02_series.s2p",
  "Sij": "S11",
  "Z0": 50.0,
  "train_points": 320,
  "test_points": 81,
  "baseline": {
    "model": "RLC series -> \u0393",
    "R": 82.52941176470588,
    "L": 7.360000000000001e-09,
    "C": 5e-12,
    "train_MSE": 0.3054594259912697,
    "test_MSE": 0.3100625349979908
  },
  "ufrf_prior": {
    "R": 76.6344537815126,
    "L": 6.8342857142857155e-09,
    "C": 7.5e-12,
    "a": 0.2,
    "phi": 3.141592653589793,
    "train_MSE": 0.24795476456866902,
    "test_MSE": 0.2531387727399936,
    "improvement_percent": 18.35880051047318
  }
}