Model,MSE_complex
Baseline (test),0.007557607350155015
UFRF prior (test),0.0075320260583905795
