{
  "input": "RCER71E106K3K1H03B_DC0V_25degC_series.s2p",
  "Sij": "S12",
  "Z0": 50.0,
  "train_points": 321,
  "test_points": 80,
  "baseline": {
    "model": "delay+poly_complex_logf(deg=3)",
    "tau": 4.35961955869096e-10,
    "phi0": -0.11698794598587907,
    "train_MSE": 0.0040598646020433855,
    "test_MSE": 0.005350121013066904
  },
  "train_improvement_percent": 0.3670251272238399,
  "gate_threshold_percent": 2.0,
  "gated": false
}