Model,MSE_complex
Baseline (test),0.6590697538899999
UFRF prior (test),0.5865609089769136
