{
  "input": "0603CT_20N.s2p",
  "Sij": "S11",
  "Z0": 50.0,
  "train_points": 716,
  "test_points": 180,
  "baseline": {
    "model": "RLC series -> \u0393",
    "R": 100.0,
    "L": 1e-08,
    "C": 5e-12,
    "train_MSE": 0.6598192232167753,
    "test_MSE": 0.6590697538899999
  },
  "ufrf_prior": {
    "R": 135.71428571428572,
    "L": 1.5000000000000002e-08,
    "C": 7.5e-12,
    "a": 0.2,
    "phi": 3.141592653589793,
    "train_MSE": 0.5869840330629165,
    "test_MSE": 0.5865609089769136,
    "improvement_percent": 11.001695114230376
  }
}