{
  "input": "LQP15MN27NG02_series.s2p",
  "Sij": "S12",
  "Z0": 50.0,
  "train_points": 321,
  "test_points": 80,
  "baseline": {
    "model": "delay+poly_complex_logf(deg=3)",
    "tau": -1.993719445686119e-11,
    "phi0": 0.49935652596272095,
    "train_MSE": 0.032199625900483544,
    "test_MSE": 0.03782348636773737
  },
  "train_improvement_percent": 0.38853257714095574,
  "gate_threshold_percent": 2.0,
  "gated": false
}