{
  "input": "BLE18PK160SN1_series.s2p",
  "Sij": "S22",
  "Z0": 50.0,
  "train_points": 321,
  "test_points": 80,
  "baseline": {
    "model": "RLC series -> \u0393",
    "R": 100.0,
    "L": 3.4000000000000007e-09,
    "C": 5e-12,
    "train_MSE": 0.6526946494578395,
    "test_MSE": 0.6669918422619869
  },
  "ufrf_prior": {
    "R": 150.0,
    "L": 3.157142857142858e-09,
    "C": 7.5e-12,
    "a": 0.2,
    "phi": 0.6283185307179586,
    "train_MSE": 0.6058310482723165,
    "test_MSE": 0.6109281188982717,
    "improvement_percent": 8.405458629536586
  }
}