{
  "input": "0603CT_3N0.s2p",
  "Sij": "S21",
  "split": "block",
  "test_points": 196,
  "deg": 3,
  "ridge": 0.001,
  "n_cycles": 13,
  "gate": 0.02,
  "Z0": 50.0,
  "baseline_test_MSE": 1.1648582152473284,
  "ufrf_test_MSE": 1.1648582152473284,
  "improvement_percent": 0.0,
  "train_gain_used": 0.0059008936096541465,
  "used_ufrf": false,
  "tau_est": 2.9170347040602724e-11,
  "phi0_est": -0.0005928686030254005
}