Model,MSE_complex
Baseline (test),0.004802296580985878
UFRF prior (test),0.004803080849067614
