{
  "input": "0603CT_9N5.s2p",
  "Sij": "S12",
  "Z0": 50.0,
  "train_points": 734,
  "test_points": 183,
  "baseline": {
    "model": "delay+poly_complex_logf(deg=3)",
    "tau": 2.2807220458819315e-11,
    "phi0": 0.1429427271356747,
    "train_MSE": 0.004662513834965271,
    "test_MSE": 0.004806257048186257
  },
  "train_improvement_percent": 0.1622169836771559,
  "gate_threshold_percent": 2.0,
  "gated": false
}