Model,MSE_complex
Baseline (test),0.3016858878531152
UFRF prior (test),0.24864720887282205
