Model,MSE_complex
Baseline (test),0.011859601962020187
UFRF prior (test),0.011904127517659343
