{
  "input": "LQP15MN1N2W02_series.s2p",
  "Sij": "S12",
  "Z0": 50.0,
  "train_points": 321,
  "test_points": 80,
  "baseline": {
    "model": "delay+poly_complex_logf(deg=3)",
    "tau": 7.267450943365748e-12,
    "phi0": 0.00709709637348428,
    "train_MSE": 0.00029067930705574044,
    "test_MSE": 0.0003505206065969031
  },
  "train_improvement_percent": 0.20986201625426865,
  "gate_threshold_percent": 2.0,
  "gated": false
}