{
  "input": "04AF331.s2p",
  "Sij": "S12",
  "Z0": 50.0,
  "train_points": 282,
  "test_points": 70,
  "baseline": {
    "model": "delay+poly_complex_logf(deg=3)",
    "tau": -6.425907927781421e-12,
    "phi0": 0.5544476494805142,
    "train_MSE": 0.007543686415329013,
    "test_MSE": 0.007616214207537153
  },
  "train_improvement_percent": 0.07243810236000801,
  "gate_threshold_percent": 2.0,
  "gated": false
}