{
  "input": "LQP15MN1N6W02_series.s2p",
  "Sij": "S11",
  "Z0": 50.0,
  "train_points": 320,
  "test_points": 81,
  "baseline": {
    "model": "RLC series -> \u0393",
    "R": 70.88235294117646,
    "L": 1.4200000000000003e-09,
    "C": 5e-12,
    "train_MSE": 0.29571402685212067,
    "test_MSE": 0.29809899500864917
  },
  "ufrf_prior": {
    "R": 65.81932773109243,
    "L": 1.5214285714285716e-09,
    "C": 7.5e-12,
    "a": 0.2,
    "phi": 3.141592653589793,
    "train_MSE": 0.23176351551593097,
    "test_MSE": 0.23473610149620314,
    "improvement_percent": 21.255654857409898
  }
}