{
  "input": "04AF181.s2p",
  "Sij": "S12",
  "Z0": 50.0,
  "train_points": 152,
  "test_points": 37,
  "baseline": {
    "model": "delay+poly_complex_logf(deg=3)",
    "tau": -2.095287095776724e-12,
    "phi0": 0.460281077208101,
    "train_MSE": 0.009639062073682021,
    "test_MSE": 0.009603490898097868
  },
  "train_improvement_percent": 0.33178076619698393,
  "gate_threshold_percent": 2.0,
  "gated": false
}