{
  "input": "LQP15MN2N8W02_series.s2p",
  "Sij": "S22",
  "Z0": 50.0,
  "train_points": 321,
  "test_points": 80,
  "baseline": {
    "model": "RLC series -> \u0393",
    "R": 76.70588235294117,
    "L": 4.0600000000000005e-09,
    "C": 5e-12,
    "train_MSE": 0.2986099366605016,
    "test_MSE": 0.3023209483372416
  },
  "ufrf_prior": {
    "R": 71.22689075630252,
    "L": 4.35e-09,
    "C": 7.5e-12,
    "a": 0.2,
    "phi": 3.7699111843077517,
    "train_MSE": 0.2378488519971149,
    "test_MSE": 0.24753100855682356,
    "improvement_percent": 18.123103966748413
  }
}