Model,MSE_complex
Baseline (test),0.9052369423387143
UFRF prior (test),0.8876861472554267
