{
  "input": "RCER71E226MWK1H03B_DC0V_25degC_series.s2p",
  "Sij": "S21",
  "split": "block",
  "test_points": 80,
  "deg": 3,
  "ridge": 0.001,
  "n_cycles": 13,
  "gate": 0.02,
  "Z0": 50.0,
  "baseline_test_MSE": 1.1571541802948795,
  "ufrf_test_MSE": 1.1571541802948795,
  "improvement_percent": 0.0,
  "train_gain_used": 0.0027912442311935804,
  "used_ufrf": false,
  "tau_est": 4.08184142506272e-09,
  "phi0_est": 0.08126750986528453
}