Model,MSE_complex
Baseline (test),0.4762157250168412
UFRF prior (test),0.4621067567396388
