{
  "input": "04AF301.s2p",
  "Sij": "S11",
  "Z0": 50.0,
  "train_points": 151,
  "test_points": 38,
  "baseline": {
    "model": "RLC series -> \u0393",
    "R": 100.0,
    "L": 1e-10,
    "C": 2e-13,
    "train_MSE": 0.4676689190766435,
    "test_MSE": 0.4762157250168412
  },
  "ufrf_prior": {
    "R": 150.0,
    "L": 5e-11,
    "C": 1e-13,
    "a": 0.08,
    "phi": 2.5132741228718345,
    "train_MSE": 0.45254490699783595,
    "test_MSE": 0.4621067567396388,
    "improvement_percent": 2.9627262469552877
  }
}