{
  "input": "0603CT_33N.s2p",
  "Sij": "S11",
  "Z0": 50.0,
  "train_points": 696,
  "test_points": 173,
  "baseline": {
    "model": "RLC series -> \u0393",
    "R": 100.0,
    "L": 1e-08,
    "C": 5e-12,
    "train_MSE": 0.6980007825571801,
    "test_MSE": 0.7206798460755172
  },
  "ufrf_prior": {
    "R": 150.0,
    "L": 1.5000000000000002e-08,
    "C": 7.5e-12,
    "a": 0.2,
    "phi": 5.026548245743669,
    "train_MSE": 0.6033001794514339,
    "test_MSE": 0.6383161222213758,
    "improvement_percent": 11.428614842312491
  }
}