{
  "input": "LQP15MN2N8W02_series.s2p",
  "Sij": "S21",
  "split": "block",
  "test_points": 80,
  "deg": 3,
  "ridge": 0.001,
  "n_cycles": 13,
  "gate": 0.02,
  "Z0": 50.0,
  "baseline_test_MSE": 0.5003668040264689,
  "ufrf_test_MSE": 0.5003668040264689,
  "improvement_percent": 0.0,
  "train_gain_used": 0.0030170662854087944,
  "used_ufrf": false,
  "tau_est": 2.2227610352456687e-11,
  "phi0_est": -0.00536648190340478
}