Model,MSE_complex
Baseline (test),0.9393301715853318
UFRF prior (test),0.9257395911091544
