Model,MSE_complex
Baseline (test),0.009849656336388046
UFRF prior (test),0.009892230808754423
