Model,MSE_complex
Baseline (test),0.8935541815959647
UFRF prior (test),0.8799468776570578
