Model,MSE_complex
Baseline (test),0.017424100118238545
UFRF prior (test),0.017506399843491238
