Model,MSE_complex
Baseline (test),0.6359575654639033
UFRF prior (test),0.5971459126371361
