{
  "input": "0603CT_10N.s2p",
  "Sij": "S22",
  "Z0": 50.0,
  "train_points": 729,
  "test_points": 182,
  "baseline": {
    "model": "RLC series -> \u0393",
    "R": 100.0,
    "L": 1e-08,
    "C": 5e-12,
    "train_MSE": 0.6154107551868807,
    "test_MSE": 0.6359575654639033
  },
  "ufrf_prior": {
    "R": 92.85714285714286,
    "L": 1.5000000000000002e-08,
    "C": 7.5e-12,
    "a": 0.2,
    "phi": 1.2566370614359172,
    "train_MSE": 0.5600250034503643,
    "test_MSE": 0.5971459126371361,
    "improvement_percent": 6.102868325570705
  }
}