{
  "input": "LQG15HH10NH02_series.s2p",
  "Sij": "S21",
  "split": "block",
  "test_points": 80,
  "deg": 3,
  "ridge": 0.001,
  "n_cycles": 13,
  "gate": 0.02,
  "Z0": 50.0,
  "baseline_test_MSE": 0.84906047528209,
  "ufrf_test_MSE": 0.84906047528209,
  "improvement_percent": 0.0,
  "train_gain_used": 0.011629574846681156,
  "used_ufrf": false,
  "tau_est": 8.261478388706989e-12,
  "phi0_est": -0.24144923509082078
}