Model,MSE_complex
Baseline (test),0.5585246457180787
UFRF prior (test),0.5229658513378737
