source,S8_star,sigma_star
Planck 2018 (CMB) → S8*,0.799359743794995,0.012489995996796796
DES Y3 (3x2pt) → S8*,0.8076864077928595,0.01769416099546213
KiDS-1000 (3x2pt) → S8*,0.7972780777955288,0.020816659994661327
KiDS-1000 (shear-only) → S8*,0.7899922467973973,0.024979991993593593
HSC-Y3 (3x2pt) → S8*,0.8076864077928595,0.03434748899119119
