{
  "input": "NFZ32BW9R0HZ10_series.s2p",
  "Sij": "S11",
  "Z0": 50.0,
  "train_points": 320,
  "test_points": 81,
  "baseline": {
    "model": "RLC series -> \u0393",
    "R": 53.41176470588235,
    "L": 7.600000000000001e-10,
    "C": 8.400000000000001e-13,
    "train_MSE": 0.29166032051130486,
    "test_MSE": 0.2941721890723566
  },
  "ufrf_prior": {
    "R": 57.22689075630252,
    "L": 9.22857142857143e-10,
    "C": 7.800000000000001e-13,
    "a": 0.0,
    "phi": 0.0,
    "train_MSE": 0.2915143801393171,
    "test_MSE": 0.29402499214507494,
    "improvement_percent": 0.050037676146690704
  }
}