Model,MSE_complex
Baseline (test),0.40051379106877494
UFRF prior (test),0.29608918226128456
