{
  "input": "NFZ5BBW970LZ10_series.s2p",
  "Sij": "S11",
  "Z0": 50.0,
  "train_points": 320,
  "test_points": 81,
  "baseline": {
    "model": "RLC series -> \u0393",
    "R": 94.17647058823529,
    "L": 5.380000000000001e-09,
    "C": 2.76e-12,
    "train_MSE": 0.05244577755180031,
    "test_MSE": 0.0553235250208089
  },
  "ufrf_prior": {
    "R": 87.44957983193277,
    "L": 6.5328571428571445e-09,
    "C": 2.562857142857143e-12,
    "a": 0.04,
    "phi": 0.0,
    "train_MSE": 0.05263143423908348,
    "test_MSE": 0.055659060900844076,
    "improvement_percent": -0.6064976516029467
  }
}