Model,MSE_complex
Baseline (test),0.00025418857672239345
UFRF prior (test),0.00025271931663674237
