{
  "input": "04AF331.s2p",
  "Sij": "S21",
  "split": "block",
  "test_points": 70,
  "deg": 3,
  "ridge": 0.001,
  "n_cycles": 13,
  "gate": 0.02,
  "Z0": 50.0,
  "baseline_test_MSE": 0.03158722465850063,
  "ufrf_test_MSE": 0.03158722465850063,
  "improvement_percent": 0.0,
  "train_gain_used": 0.0015953897818053197,
  "used_ufrf": false,
  "tau_est": 6.004602643957325e-10,
  "phi0_est": -0.20945147655056695
}