{
  "input": "RCEC71H475K2K1H03B_DC0V_25degC_series.s2p",
  "Sij": "S12",
  "Z0": 50.0,
  "train_points": 321,
  "test_points": 80,
  "baseline": {
    "model": "delay+poly_complex_logf(deg=3)",
    "tau": 6.949925370458264e-10,
    "phi0": -0.19593241436898307,
    "train_MSE": 0.0069807380493235975,
    "test_MSE": 0.008848906025485433
  },
  "train_improvement_percent": 0.4117869841503089,
  "gate_threshold_percent": 2.0,
  "gated": false
}