{
  "input": "0603CT_6N8.s2p",
  "Sij": "S12",
  "Z0": 50.0,
  "train_points": 740,
  "test_points": 184,
  "baseline": {
    "model": "delay+poly_complex_logf(deg=3)",
    "tau": 2.379767678669129e-11,
    "phi0": 0.10056482891032273,
    "train_MSE": 0.0037512658678747757,
    "test_MSE": 0.0038785014328125314
  },
  "train_improvement_percent": 0.16877804312026826,
  "gate_threshold_percent": 2.0,
  "gated": false
}