Model,MSE_complex
Baseline (test),0.10210332849290182
UFRF prior (test),0.10188458950566356
