Model,MSE_complex
Baseline (test),0.6313871505141461
UFRF prior (test),0.5741623668285181
