{
  "input": "0603CT_12N.s2p",
  "Sij": "S11",
  "Z0": 50.0,
  "train_points": 724,
  "test_points": 181,
  "baseline": {
    "model": "RLC series -> \u0393",
    "R": 100.0,
    "L": 1e-08,
    "C": 5e-12,
    "train_MSE": 0.6287625120700531,
    "test_MSE": 0.6313871505141461
  },
  "ufrf_prior": {
    "R": 92.85714285714286,
    "L": 1.5000000000000002e-08,
    "C": 7.5e-12,
    "a": 0.2,
    "phi": 3.141592653589793,
    "train_MSE": 0.5714806715818156,
    "test_MSE": 0.5741623668285181,
    "improvement_percent": 9.063343091323475
  }
}