Model,MSE_complex
Baseline (test),0.6788306638632637
UFRF prior (test),0.5979283758769932
