{
  "input": "0603CT_24N.s2p",
  "Sij": "S11",
  "Z0": 50.0,
  "train_points": 707,
  "test_points": 177,
  "baseline": {
    "model": "RLC series -> \u0393",
    "R": 100.0,
    "L": 1e-08,
    "C": 5e-12,
    "train_MSE": 0.6770691739915805,
    "test_MSE": 0.6788306638632637
  },
  "ufrf_prior": {
    "R": 150.0,
    "L": 1.5000000000000002e-08,
    "C": 7.5e-12,
    "a": 0.2,
    "phi": 3.141592653589793,
    "train_MSE": 0.5960126343751015,
    "test_MSE": 0.5979283758769932,
    "improvement_percent": 11.917889437382074
  }
}