{
  "input": "LQP15MN3N5W02_series.s2p",
  "Sij": "S21",
  "split": "block",
  "test_points": 80,
  "deg": 3,
  "ridge": 0.001,
  "n_cycles": 13,
  "gate": 0.02,
  "Z0": 50.0,
  "baseline_test_MSE": 0.2544193501700501,
  "ufrf_test_MSE": 0.2544193501700501,
  "improvement_percent": 0.0,
  "train_gain_used": 0.0026571840692927347,
  "used_ufrf": false,
  "tau_est": 2.789704526190383e-11,
  "phi0_est": -0.009508394787656816
}