Model,MSE_complex
Baseline (test),0.6546237224075502
UFRF prior (test),0.5839117639660817
