Model,MSE_complex
Baseline (test),0.36174827220035244
UFRF prior (test),0.27400326382085144
