{
  "input": "RCER71H335K3A2H03B_DC0V_25degC_series.s2p",
  "Sij": "S12",
  "Z0": 50.0,
  "train_points": 321,
  "test_points": 80,
  "baseline": {
    "model": "delay+poly_complex_logf(deg=3)",
    "tau": 8.198955954617139e-10,
    "phi0": -0.23486147917718667,
    "train_MSE": 0.008125644312988069,
    "test_MSE": 0.010368430626417935
  },
  "train_improvement_percent": 0.3599897726835687,
  "gate_threshold_percent": 2.0,
  "gated": false
}