Model,MSE_complex
Baseline (test),0.29029177395363404
UFRF prior (test),0.28953893464712716
