Model,MSE_complex
Baseline (test),0.6691060154771187
UFRF prior (test),0.6287650331789537
