Model,MSE_complex
Baseline (test),0.007887111317327172
UFRF prior (test),0.007873435130432682
