{
  "input": "NFZ5BBW4R5LZ10_series.s2p",
  "Sij": "S12",
  "Z0": 50.0,
  "train_points": 321,
  "test_points": 80,
  "baseline": {
    "model": "delay+poly_complex_logf(deg=3)",
    "tau": -5.0305855324343674e-11,
    "phi0": 0.2061742978035382,
    "train_MSE": 0.04037665623100962,
    "test_MSE": 0.04184479246857644
  },
  "train_improvement_percent": 0.24098740305732672,
  "gate_threshold_percent": 2.0,
  "gated": false
}