Model,MSE_complex
Baseline (test),0.4202871741517244
UFRF prior (test),0.30507169329578454
