Model,MSE_complex
Baseline (test),0.051324276324639
UFRF prior (test),0.05107144161271526
