{
  "input": "NFZ5BBW450LZ10_series.s2p",
  "Sij": "S12",
  "Z0": 50.0,
  "train_points": 321,
  "test_points": 80,
  "baseline": {
    "model": "delay+poly_complex_logf(deg=3)",
    "tau": -4.4865330216508814e-11,
    "phi0": 0.18223905898008305,
    "train_MSE": 0.017262276267101112,
    "test_MSE": 0.01703084403448605
  },
  "train_improvement_percent": 0.16225557538310284,
  "gate_threshold_percent": 2.0,
  "gated": false
}