Model,MSE_complex
Baseline (test),0.31334874516498296
UFRF prior (test),0.25804672167584736
