{
  "input": "LQP15MN5N1B02_series.s2p",
  "Sij": "S11",
  "Z0": 50.0,
  "train_points": 320,
  "test_points": 81,
  "baseline": {
    "model": "RLC series -> \u0393",
    "R": 88.35294117647058,
    "L": 1e-08,
    "C": 5e-12,
    "train_MSE": 0.30842443075085024,
    "test_MSE": 0.31334874516498296
  },
  "ufrf_prior": {
    "R": 82.04201680672267,
    "L": 9.285714285714288e-09,
    "C": 7.5e-12,
    "a": 0.2,
    "phi": 3.141592653589793,
    "train_MSE": 0.25259114900126184,
    "test_MSE": 0.25804672167584736,
    "improvement_percent": 17.6487138826799
  }
}