{
  "input": "LQP15MN1N3W02_series.s2p",
  "Sij": "S22",
  "Z0": 50.0,
  "train_points": 321,
  "test_points": 80,
  "baseline": {
    "model": "RLC series -> \u0393",
    "R": 70.88235294117646,
    "L": 1.4200000000000003e-09,
    "C": 5e-12,
    "train_MSE": 0.2996429737355303,
    "test_MSE": 0.29696032087424784
  },
  "ufrf_prior": {
    "R": 65.81932773109243,
    "L": 1.1157142857142858e-09,
    "C": 7.5e-12,
    "a": 0.2,
    "phi": 3.7699111843077517,
    "train_MSE": 0.23313855254682692,
    "test_MSE": 0.23737728917052897,
    "improvement_percent": 20.064307422724724
  }
}