{
  "input": "0603CT_10N.s2p",
  "Sij": "S11",
  "Z0": 50.0,
  "train_points": 728,
  "test_points": 183,
  "baseline": {
    "model": "RLC series -> \u0393",
    "R": 100.0,
    "L": 1e-08,
    "C": 5e-12,
    "train_MSE": 0.6196228205602904,
    "test_MSE": 0.6190890933211749
  },
  "ufrf_prior": {
    "R": 92.85714285714286,
    "L": 1.5000000000000002e-08,
    "C": 7.5e-12,
    "a": 0.2,
    "phi": 3.141592653589793,
    "train_MSE": 0.5673971944263502,
    "test_MSE": 0.567087690902294,
    "improvement_percent": 8.399663793124398
  }
}