{
  "input": "04AF271.s2p",
  "Sij": "S22",
  "Z0": 50.0,
  "train_points": 152,
  "test_points": 37,
  "baseline": {
    "model": "RLC series -> \u0393",
    "R": 100.0,
    "L": 1e-10,
    "C": 2e-13,
    "train_MSE": 0.48514709464566114,
    "test_MSE": 0.4849884334147263
  },
  "ufrf_prior": {
    "R": 150.0,
    "L": 5e-11,
    "C": 1e-13,
    "a": 0.04,
    "phi": 2.5132741228718345,
    "train_MSE": 0.4696072028352359,
    "test_MSE": 0.46191269394230905,
    "improvement_percent": 4.757997899031251
  }
}