{
  "input": "04AF780.s2p",
  "Sij": "S22",
  "Z0": 50.0,
  "train_points": 152,
  "test_points": 37,
  "baseline": {
    "model": "RLC series -> \u0393",
    "R": 100.0,
    "L": 1e-10,
    "C": 2e-13,
    "train_MSE": 0.6359413421286501,
    "test_MSE": 0.592747990850125
  },
  "ufrf_prior": {
    "R": 150.0,
    "L": 5e-11,
    "C": 1e-13,
    "a": 0.0,
    "phi": 0.0,
    "train_MSE": 0.6215557517092584,
    "test_MSE": 0.5727203634523537,
    "improvement_percent": 3.3787760915136107
  }
}