{
  "input": "0603CT_3N0.s2p",
  "Sij": "S12",
  "Z0": 50.0,
  "train_points": 784,
  "test_points": 196,
  "baseline": {
    "model": "delay+poly_complex_logf(deg=3)",
    "tau": 1.4415568855848913e-11,
    "phi0": 0.06040735540359241,
    "train_MSE": 0.0038336596348329368,
    "test_MSE": 0.004327089130686097
  },
  "train_improvement_percent": 0.27792550100728275,
  "gate_threshold_percent": 2.0,
  "gated": false
}