Model,MSE_complex
Baseline (test),0.5760218850738035
UFRF prior (test),0.5367411005106937
