{
  "input": "0603CT_2N0.s2p",
  "Sij": "S11",
  "Z0": 50.0,
  "train_points": 788,
  "test_points": 198,
  "baseline": {
    "model": "RLC series -> \u0393",
    "R": 76.70588235294117,
    "L": 3.4000000000000007e-09,
    "C": 5e-12,
    "train_MSE": 0.5761782817283126,
    "test_MSE": 0.5760218850738035
  },
  "ufrf_prior": {
    "R": 71.22689075630252,
    "L": 3.157142857142858e-09,
    "C": 7.5e-12,
    "a": 0.2,
    "phi": 3.141592653589793,
    "train_MSE": 0.536671779045281,
    "test_MSE": 0.5367411005106937,
    "improvement_percent": 6.819321553742164
  }
}