Model,MSE_complex
Baseline (test),0.04304062424924352
UFRF prior (test),0.042644288717654286
