Model,MSE_complex
Baseline (test),0.4873848329175477
UFRF prior (test),0.36727263362971974
