Model,MSE_complex
Baseline (test),0.6578874058503607
UFRF prior (test),0.6213993467083703
