{
  "input": "0603CT_9N5.s2p",
  "Sij": "S22",
  "Z0": 50.0,
  "train_points": 734,
  "test_points": 183,
  "baseline": {
    "model": "RLC series -> \u0393",
    "R": 100.0,
    "L": 1e-08,
    "C": 5e-12,
    "train_MSE": 0.6031043801782775,
    "test_MSE": 0.6578874058503607
  },
  "ufrf_prior": {
    "R": 92.85714285714286,
    "L": 1.5000000000000002e-08,
    "C": 7.5e-12,
    "a": 0.2,
    "phi": 3.141592653589793,
    "train_MSE": 0.5490927523179936,
    "test_MSE": 0.6213993467083703,
    "improvement_percent": 5.546246792006495
  }
}