Model,MSE_complex
Baseline (test),0.6430298663842913
UFRF prior (test),0.5889341142858826
