{
  "input": "NFZ32BW9R0HZ10_series.s2p",
  "Sij": "S21",
  "split": "block",
  "test_points": 80,
  "deg": 3,
  "ridge": 0.001,
  "n_cycles": 13,
  "gate": 0.02,
  "Z0": 50.0,
  "baseline_test_MSE": 1.38338608903185,
  "ufrf_test_MSE": 1.38338608903185,
  "improvement_percent": 0.0,
  "train_gain_used": 0.0032407056589648054,
  "used_ufrf": false,
  "tau_est": -5.413560194700238e-10,
  "phi0_est": -0.5048804370916551
}