Model,MSE_complex
Baseline (test),0.4483653994057607
UFRF prior (test),0.4429787212562691
