{
  "input": "NFZ5BBW2R9LN10_series.s2p",
  "Sij": "S11",
  "Z0": 50.0,
  "train_points": 320,
  "test_points": 81,
  "baseline": {
    "model": "RLC series -> \u0393",
    "R": 100.0,
    "L": 1e-10,
    "C": 2e-13,
    "train_MSE": 0.44723033437905346,
    "test_MSE": 0.4483653994057607
  },
  "ufrf_prior": {
    "R": 150.0,
    "L": 5e-11,
    "C": 1e-13,
    "a": 0.08,
    "phi": 3.141592653589793,
    "train_MSE": 0.4420848874622025,
    "test_MSE": 0.4429787212562691,
    "improvement_percent": 1.2014036222756779
  }
}