Model,MSE_complex
Baseline (test),0.01022682760894378
UFRF prior (test),0.010237522236883703
