Model,MSE_complex
Baseline (test),0.31319928726714164
UFRF prior (test),0.2604730063012683
