{
  "input": "NFZ32BW881HN10_series.s2p",
  "Sij": "S11",
  "Z0": 50.0,
  "train_points": 320,
  "test_points": 81,
  "baseline": {
    "model": "RLC series -> \u0393",
    "R": 59.23529411764706,
    "L": 1e-10,
    "C": 1.48e-12,
    "train_MSE": 0.0008955889732118784,
    "test_MSE": 0.0009756514852024089
  },
  "ufrf_prior": {
    "R": 63.46638655462184,
    "L": 1.5e-10,
    "C": 1.3742857142857143e-12,
    "a": 0.0,
    "phi": 0.0,
    "train_MSE": 0.0011020785671918356,
    "test_MSE": 0.0011815178748775274,
    "improvement_percent": -21.100402428271757
  }
}