{
  "input": "04AF220.s2p",
  "Sij": "S11",
  "Z0": 50.0,
  "train_points": 152,
  "test_points": 37,
  "baseline": {
    "model": "RLC series -> \u0393",
    "R": 100.0,
    "L": 1e-08,
    "C": 5e-12,
    "train_MSE": 0.6511088942640195,
    "test_MSE": 0.5960551980902293
  },
  "ufrf_prior": {
    "R": 150.0,
    "L": 1.5000000000000002e-08,
    "C": 7.5e-12,
    "a": 0.2,
    "phi": 2.5132741228718345,
    "train_MSE": 0.5902302209519166,
    "test_MSE": 0.5529437787637899,
    "improvement_percent": 7.232789759164784
  }
}