Model,MSE_complex
Baseline (test),0.00035521409339834317
UFRF prior (test),0.00035535672522758884
