{
  "input": "0603CT_36N.s2p",
  "Sij": "S11",
  "Z0": 50.0,
  "train_points": 695,
  "test_points": 174,
  "baseline": {
    "model": "RLC series -> \u0393",
    "R": 100.0,
    "L": 1e-08,
    "C": 5e-12,
    "train_MSE": 0.7064350095175594,
    "test_MSE": 0.708162213951235
  },
  "ufrf_prior": {
    "R": 150.0,
    "L": 1.5000000000000002e-08,
    "C": 7.5e-12,
    "a": 0.2,
    "phi": 3.141592653589793,
    "train_MSE": 0.6118037513201392,
    "test_MSE": 0.6137166264809283,
    "improvement_percent": 13.336716589740323
  }
}