Model,MSE_complex
Baseline (test),0.9392945443483729
UFRF prior (test),0.9257155971935378
