{
  "input": "04AF220.s2p",
  "Sij": "S21",
  "split": "block",
  "test_points": 37,
  "deg": 3,
  "ridge": 0.001,
  "n_cycles": 13,
  "gate": 0.02,
  "Z0": 50.0,
  "baseline_test_MSE": 0.15616133714017916,
  "ufrf_test_MSE": 0.15616133714017916,
  "improvement_percent": 0.0,
  "train_gain_used": 0.004756051558576135,
  "used_ufrf": false,
  "tau_est": 1.0252541661345742e-10,
  "phi0_est": -0.03185106988613036
}