Model,MSE_complex
Baseline (test),0.31690102234877443
UFRF prior (test),0.2644101389013877
