Model,MSE_complex
Baseline (test),0.016352177995567534
UFRF prior (test),0.016426845618336537
