Model,MSE_complex
Baseline (test),0.28598945002526693
UFRF prior (test),0.28607086371658175
