{
  "input": "LQP03TN0N6BZ2_series.s2p",
  "Sij": "S21",
  "split": "block",
  "test_points": 80,
  "deg": 3,
  "ridge": 0.001,
  "n_cycles": 13,
  "gate": 0.02,
  "Z0": 50.0,
  "baseline_test_MSE": 0.1592267814918778,
  "ufrf_test_MSE": 0.1592267814918778,
  "improvement_percent": 0.0,
  "train_gain_used": 0.0041544291106584376,
  "used_ufrf": false,
  "tau_est": 2.637421089187082e-12,
  "phi0_est": -6.93195918229106e-05
}