{
  "input": "LQP15MN1N9W02_series.s2p",
  "Sij": "S12",
  "Z0": 50.0,
  "train_points": 321,
  "test_points": 80,
  "baseline": {
    "model": "delay+poly_complex_logf(deg=3)",
    "tau": 1.2060359946325204e-11,
    "phi0": 0.027245016605757656,
    "train_MSE": 0.001335446102370901,
    "test_MSE": 0.0015140025093171743
  },
  "train_improvement_percent": 0.07315016067079431,
  "gate_threshold_percent": 2.0,
  "gated": false
}