Model,MSE_complex
Baseline (test),0.008322040273513215
UFRF prior (test),0.008317636468154078
