{
  "input": "GRM32ER60E337ME05_DC0V_25degC_series.s2p",
  "Sij": "S22",
  "Z0": 50.0,
  "train_points": 321,
  "test_points": 80,
  "baseline": {
    "model": "RLC series -> \u0393",
    "R": 76.70588235294117,
    "L": 1.4200000000000003e-09,
    "C": 5e-12,
    "train_MSE": 0.8290495486718066,
    "test_MSE": 0.8189852056725633
  },
  "ufrf_prior": {
    "R": 71.22689075630252,
    "L": 1.3185714285714288e-09,
    "C": 7.5e-12,
    "a": 0.2,
    "phi": 5.654866776461628,
    "train_MSE": 0.8050898222972046,
    "test_MSE": 0.8061437787279031,
    "improvement_percent": 1.567968121489398
  }
}