Model,MSE_complex
Baseline (test),0.0010170132043224446
UFRF prior (test),0.0010176452344968893
