{
  "input": "NFZ32BW700HN10_series.s2p",
  "Sij": "S11",
  "Z0": 50.0,
  "train_points": 321,
  "test_points": 80,
  "baseline": {
    "model": "RLC series -> \u0393",
    "R": 53.41176470588235,
    "L": 7.600000000000001e-10,
    "C": 1.16e-12,
    "train_MSE": 0.08167673321440563,
    "test_MSE": 0.07704935226990886
  },
  "ufrf_prior": {
    "R": 49.59663865546218,
    "L": 3.8000000000000003e-10,
    "C": 1.2428571428571427e-12,
    "a": 0.0,
    "phi": 0.0,
    "train_MSE": 0.08148575237788351,
    "test_MSE": 0.07690924146219055,
    "improvement_percent": 0.18184553612792295
  }
}