Model,MSE_complex
Baseline (test),0.4578676497312434
UFRF prior (test),0.44253404890927084
