{
  "input": "04AF361.s2p",
  "Sij": "S11",
  "Z0": 50.0,
  "train_points": 151,
  "test_points": 38,
  "baseline": {
    "model": "RLC series -> \u0393",
    "R": 100.0,
    "L": 1e-10,
    "C": 2e-13,
    "train_MSE": 0.44943081865804063,
    "test_MSE": 0.4578676497312434
  },
  "ufrf_prior": {
    "R": 150.0,
    "L": 5e-11,
    "C": 1e-13,
    "a": 0.08,
    "phi": 2.5132741228718345,
    "train_MSE": 0.43298260141976,
    "test_MSE": 0.44253404890927084,
    "improvement_percent": 3.3489155285316574
  }
}