Model,MSE_complex
Baseline (test),0.12313281820550351
UFRF prior (test),0.1228277767816532
