Model,MSE_complex
Baseline (test),0.011555447032609436
UFRF prior (test),0.011555965344841553
