{
  "input": "RDEC72A475K3K1H03B_DC0V_25degC_series.s2p",
  "Sij": "S22",
  "Z0": 50.0,
  "train_points": 321,
  "test_points": 80,
  "baseline": {
    "model": "RLC series -> \u0393",
    "R": 100.0,
    "L": 1e-08,
    "C": 5e-12,
    "train_MSE": 0.8948783217512978,
    "test_MSE": 0.9037981361380265
  },
  "ufrf_prior": {
    "R": 150.0,
    "L": 1.5000000000000002e-08,
    "C": 7.5e-12,
    "a": 0.2,
    "phi": 0.0,
    "train_MSE": 0.8833998661658167,
    "test_MSE": 0.8862430119601463,
    "improvement_percent": 1.9423722483976444
  }
}