Model,MSE_complex
Baseline (test),0.32877940939491324
UFRF prior (test),0.2551262290252826
