{
  "input": "LQP15MN9N1B02_series.s2p",
  "Sij": "S11",
  "Z0": 50.0,
  "train_points": 320,
  "test_points": 81,
  "baseline": {
    "model": "RLC series -> \u0393",
    "R": 100.0,
    "L": 1e-08,
    "C": 5e-12,
    "train_MSE": 0.3237978466874779,
    "test_MSE": 0.32877940939491324
  },
  "ufrf_prior": {
    "R": 92.85714285714286,
    "L": 1.5000000000000002e-08,
    "C": 7.5e-12,
    "a": 0.2,
    "phi": 3.141592653589793,
    "train_MSE": 0.24959552247633676,
    "test_MSE": 0.2551262290252826,
    "improvement_percent": 22.40200519405464
  }
}