{
  "input": "LQP15MN1N5B02_series.s2p",
  "Sij": "S11",
  "Z0": 50.0,
  "train_points": 321,
  "test_points": 80,
  "baseline": {
    "model": "RLC series -> \u0393",
    "R": 70.88235294117646,
    "L": 1.4200000000000003e-09,
    "C": 5e-12,
    "train_MSE": 0.29692436716697257,
    "test_MSE": 0.29438130847836275
  },
  "ufrf_prior": {
    "R": 65.81932773109243,
    "L": 1.3185714285714288e-09,
    "C": 7.5e-12,
    "a": 0.2,
    "phi": 3.7699111843077517,
    "train_MSE": 0.2324948121953567,
    "test_MSE": 0.23677932679104488,
    "improvement_percent": 19.56713284041662
  }
}