{
  "input": "GRM32EC80J227ME01_DC0V_25degC_series.s2p",
  "Sij": "S12",
  "Z0": 50.0,
  "train_points": 321,
  "test_points": 80,
  "baseline": {
    "model": "delay+poly_complex_logf(deg=3)",
    "tau": 4.0607459143604525e-12,
    "phi0": -0.006340199024937083,
    "train_MSE": 0.00011651308638207767,
    "test_MSE": 0.00017169936027956303
  },
  "train_improvement_percent": 0.358215582870423,
  "gate_threshold_percent": 2.0,
  "gated": false
}