{
  "input": "LQP15MN22NG02_series.s2p",
  "Sij": "S21",
  "split": "block",
  "test_points": 80,
  "deg": 3,
  "ridge": 0.001,
  "n_cycles": 13,
  "gate": 0.02,
  "Z0": 50.0,
  "baseline_test_MSE": 0.2702625756669995,
  "ufrf_test_MSE": 0.2702625756669995,
  "improvement_percent": 0.0,
  "train_gain_used": 0.006127010830605724,
  "used_ufrf": false,
  "tau_est": 5.8339803354276564e-12,
  "phi0_est": -0.37651228407109477
}