{
  "input": "LQG15HH1N3B02_series.s2p",
  "Sij": "S22",
  "Z0": 50.0,
  "train_points": 321,
  "test_points": 80,
  "baseline": {
    "model": "RLC series -> \u0393",
    "R": 94.17647058823529,
    "L": 1e-10,
    "C": 5e-12,
    "train_MSE": 0.37097981522529866,
    "test_MSE": 0.3557887491474122
  },
  "ufrf_prior": {
    "R": 87.44957983193277,
    "L": 1.5e-10,
    "C": 7.5e-12,
    "a": 0.2,
    "phi": 3.7699111843077517,
    "train_MSE": 0.306087425153449,
    "test_MSE": 0.2919815295788652,
    "improvement_percent": 17.93401835258992
  }
}