{
  "input": "KCM55WC71E107MH13_DC0V_25degC_series.s2p",
  "Sij": "S21",
  "split": "block",
  "test_points": 80,
  "deg": 3,
  "ridge": 0.001,
  "n_cycles": 13,
  "gate": 0.02,
  "Z0": 50.0,
  "baseline_test_MSE": 0.30144766056918804,
  "ufrf_test_MSE": 0.30144766056918804,
  "improvement_percent": 0.0,
  "train_gain_used": 0.005001763789508103,
  "used_ufrf": false,
  "tau_est": 6.235332799984889e-11,
  "phi0_est": 0.015432038351369429
}