{
  "input": "0603CT_33N.s2p",
  "Sij": "S21",
  "split": "block",
  "test_points": 173,
  "deg": 3,
  "ridge": 0.001,
  "n_cycles": 13,
  "gate": 0.02,
  "Z0": 50.0,
  "baseline_test_MSE": 0.21048690567326353,
  "ufrf_test_MSE": 0.21048690567326353,
  "improvement_percent": 0.0,
  "train_gain_used": 0.004377336499183656,
  "used_ufrf": false,
  "tau_est": 2.2521968166089856e-10,
  "phi0_est": -0.02899490588648198
}