{
  "input": "LQP15MN3N8W02_series.s2p",
  "Sij": "S21",
  "split": "block",
  "test_points": 80,
  "deg": 3,
  "ridge": 0.001,
  "n_cycles": 13,
  "gate": 0.02,
  "Z0": 50.0,
  "baseline_test_MSE": 0.19898981483691852,
  "ufrf_test_MSE": 0.19898981483691852,
  "improvement_percent": 0.0,
  "train_gain_used": 0.0025793987827907056,
  "used_ufrf": false,
  "tau_est": 3.003563899024741e-11,
  "phi0_est": -0.011622864055391166
}