Model,MSE_complex
Baseline (test),0.011392650450190743
UFRF prior (test),0.01139698951072705
