Model,MSE_complex
Baseline (test),0.2944225520089205
UFRF prior (test),0.2358434451501361
