{
  "input": "0603CT_20N.s2p",
  "Sij": "S12",
  "Z0": 50.0,
  "train_points": 717,
  "test_points": 179,
  "baseline": {
    "model": "delay+poly_complex_logf(deg=3)",
    "tau": 3.3119268155256096e-11,
    "phi0": 0.2068806645833418,
    "train_MSE": 0.005892597392330912,
    "test_MSE": 0.006177819199144515
  },
  "train_improvement_percent": 0.3869998698386724,
  "gate_threshold_percent": 2.0,
  "gated": false
}