Model,MSE_complex
Baseline (test),0.008636630845639398
UFRF prior (test),0.008662648910349157
