{
  "input": "BLE18PS080SZ1_series.s2p",
  "Sij": "S11",
  "Z0": 50.0,
  "train_points": 320,
  "test_points": 81,
  "baseline": {
    "model": "RLC series -> \u0393",
    "R": 100.0,
    "L": 4.0600000000000005e-09,
    "C": 5e-12,
    "train_MSE": 0.6706105239333844,
    "test_MSE": 0.6691060154771187
  },
  "ufrf_prior": {
    "R": 121.42857142857143,
    "L": 3.77e-09,
    "C": 7.5e-12,
    "a": 0.2,
    "phi": 5.654866776461628,
    "train_MSE": 0.6298116479986612,
    "test_MSE": 0.6287650331789537,
    "improvement_percent": 6.029086776241141
  }
}