Model,MSE_complex
Baseline (test),0.8249418050437015
UFRF prior (test),0.8029015377309365
