Model,MSE_complex
Baseline (test),0.00851602230564551
UFRF prior (test),0.008541861182400568
