Model,MSE_complex
Baseline (test),0.011265962909989852
UFRF prior (test),0.011321959865147823
