{
  "input": "RDEC72A475K3P1H03B_DC0V_25degC_series.s2p",
  "Sij": "S22",
  "Z0": 50.0,
  "train_points": 321,
  "test_points": 80,
  "baseline": {
    "model": "RLC series -> \u0393",
    "R": 100.0,
    "L": 1e-08,
    "C": 5e-12,
    "train_MSE": 0.8949196355674839,
    "test_MSE": 0.9038168045657023
  },
  "ufrf_prior": {
    "R": 150.0,
    "L": 1.5000000000000002e-08,
    "C": 7.5e-12,
    "a": 0.2,
    "phi": 0.0,
    "train_MSE": 0.8834302144478687,
    "test_MSE": 0.8862459890470433,
    "improvement_percent": 1.9440682481116365
  }
}