Model,MSE_complex
Baseline (test),0.8232095675885195
UFRF prior (test),0.8015652723304828
