Model,MSE_complex
Baseline (test),0.000504529158950529
UFRF prior (test),0.0005039539755775206
