Model,MSE_complex
Baseline (test),0.6997030167864695
UFRF prior (test),0.6783517672449533
