Model,MSE_complex
Baseline (test),0.31666275666662386
UFRF prior (test),0.264092728732101
