{
  "center_u": -6.039960676068339,
  "center_v": 0.4025690059829288
}