Model,MSE_complex
Baseline (test),0.010748050015277668
UFRF prior (test),0.010794057671036885
