{
  "input": "NFZ5BBW970LN10_series.s2p",
  "Sij": "S22",
  "Z0": 50.0,
  "train_points": 321,
  "test_points": 80,
  "baseline": {
    "model": "RLC series -> \u0393",
    "R": 88.35294117647058,
    "L": 6.040000000000001e-09,
    "C": 2.76e-12,
    "train_MSE": 0.053649548431922274,
    "test_MSE": 0.051013785415539324
  },
  "ufrf_prior": {
    "R": 94.66386554621846,
    "L": 6.471428571428573e-09,
    "C": 2.562857142857143e-12,
    "a": 0.04,
    "phi": 0.0,
    "train_MSE": 0.053817009708998116,
    "test_MSE": 0.05041864081545153,
    "improvement_percent": 1.1666348522070342
  }
}