Model,MSE_complex
Baseline (test),0.9484960283516969
UFRF prior (test),0.9309384153843062
