Model,MSE_complex
Baseline (test),0.32272032726636646
UFRF prior (test),0.27067165706620433
