{
  "input": "LQP15MN5N1B02_series.s2p",
  "Sij": "S22",
  "Z0": 50.0,
  "train_points": 321,
  "test_points": 80,
  "baseline": {
    "model": "RLC series -> \u0393",
    "R": 88.35294117647058,
    "L": 1e-08,
    "C": 5e-12,
    "train_MSE": 0.30610417450880484,
    "test_MSE": 0.32272032726636646
  },
  "ufrf_prior": {
    "R": 82.04201680672267,
    "L": 9.285714285714288e-09,
    "C": 7.5e-12,
    "a": 0.2,
    "phi": 3.7699111843077517,
    "train_MSE": 0.24953389357823216,
    "test_MSE": 0.27067165706620433,
    "improvement_percent": 16.12810405872025
  }
}