Model,MSE_complex
Baseline (test),0.6367290249056193
UFRF prior (test),0.6096182734420814
