{
  "input": "0603CT_6N8.s2p",
  "Sij": "S22",
  "Z0": 50.0,
  "train_points": 740,
  "test_points": 184,
  "baseline": {
    "model": "RLC series -> \u0393",
    "R": 94.17647058823529,
    "L": 1e-08,
    "C": 5e-12,
    "train_MSE": 0.5959326304282484,
    "test_MSE": 0.6367290249056193
  },
  "ufrf_prior": {
    "R": 87.44957983193277,
    "L": 1.2142857142857145e-08,
    "C": 7.5e-12,
    "a": 0.2,
    "phi": 3.141592653589793,
    "train_MSE": 0.5510196179765957,
    "test_MSE": 0.6096182734420814,
    "improvement_percent": 4.257816182881952
  }
}