Model,MSE_complex
Baseline (test),0.6539539691826666
UFRF prior (test),0.5847325328615595
