{
  "input": "0603CT_18N.s2p",
  "Sij": "S11",
  "Z0": 50.0,
  "train_points": 716,
  "test_points": 180,
  "baseline": {
    "model": "RLC series -> \u0393",
    "R": 100.0,
    "L": 1e-08,
    "C": 5e-12,
    "train_MSE": 0.6546498427246897,
    "test_MSE": 0.6539539691826666
  },
  "ufrf_prior": {
    "R": 121.42857142857143,
    "L": 1.5000000000000002e-08,
    "C": 7.5e-12,
    "a": 0.2,
    "phi": 3.141592653589793,
    "train_MSE": 0.5851261851309342,
    "test_MSE": 0.5847325328615595,
    "improvement_percent": 10.585062494172542
  }
}