Model,MSE_complex
Baseline (test),0.010710352828304537
UFRF prior (test),0.010729259233119206
