Model,MSE_complex
Baseline (test),0.007192502875282713
UFRF prior (test),0.007205444594945862
