Model,MSE_complex
Baseline (test),0.08352462773827048
UFRF prior (test),0.08332327342524551
