{
  "input": "NFZ32BW700HN10_series.s2p",
  "Sij": "S11",
  "Z0": 50.0,
  "train_points": 320,
  "test_points": 81,
  "baseline": {
    "model": "RLC series -> \u0393",
    "R": 53.41176470588235,
    "L": 7.600000000000001e-10,
    "C": 1.16e-12,
    "train_MSE": 0.08005213967692815,
    "test_MSE": 0.08352462773827048
  },
  "ufrf_prior": {
    "R": 49.59663865546218,
    "L": 3.8000000000000003e-10,
    "C": 1.2428571428571427e-12,
    "a": 0.0,
    "phi": 0.0,
    "train_MSE": 0.07987650213384676,
    "test_MSE": 0.08332327342524551,
    "improvement_percent": 0.2410717874205006
  }
}