Model,MSE_complex
Baseline (test),0.5861403350210874
UFRF prior (test),0.5471223898546664
