{
  "input": "0603CT_3N9.s2p",
  "Sij": "S11",
  "Z0": 50.0,
  "train_points": 768,
  "test_points": 193,
  "baseline": {
    "model": "RLC series -> \u0393",
    "R": 82.52941176470588,
    "L": 6.700000000000001e-09,
    "C": 5e-12,
    "train_MSE": 0.5864109133679006,
    "test_MSE": 0.5861403350210874
  },
  "ufrf_prior": {
    "R": 76.6344537815126,
    "L": 6.221428571428572e-09,
    "C": 7.5e-12,
    "a": 0.2,
    "phi": 3.141592653589793,
    "train_MSE": 0.54717560948573,
    "test_MSE": 0.5471223898546664,
    "improvement_percent": 6.656758259951049
  }
}