{
  "input": "LQP15MN2N0W02_series.s2p",
  "Sij": "S11",
  "Z0": 50.0,
  "train_points": 321,
  "test_points": 80,
  "baseline": {
    "model": "RLC series -> \u0393",
    "R": 76.70588235294117,
    "L": 2.7400000000000005e-09,
    "C": 5e-12,
    "train_MSE": 0.29648414799517203,
    "test_MSE": 0.2944488969080675
  },
  "ufrf_prior": {
    "R": 71.22689075630252,
    "L": 2.544285714285715e-09,
    "C": 7.5e-12,
    "a": 0.2,
    "phi": 3.7699111843077517,
    "train_MSE": 0.23353122749575414,
    "test_MSE": 0.2392055757842016,
    "improvement_percent": 18.76159894092384
  }
}