Model,MSE_complex
Baseline (test),0.8883741587115423
UFRF prior (test),0.8747914948653355
