Model,MSE_complex
Baseline (test),0.004867871163602959
UFRF prior (test),0.004869273245734035
