Model,MSE_complex
Baseline (test),0.8710123772930634
UFRF prior (test),0.8574257758561648
