Model,MSE_complex
Baseline (test),0.9735393622839317
UFRF prior (test),0.9560655793655529
