Model,MSE_complex
Baseline (test),0.29809899500864917
UFRF prior (test),0.23473610149620314
