Model,MSE_complex
Baseline (test),0.00465951896561344
UFRF prior (test),0.004658793628554428
