Model,MSE_complex
Baseline (test),0.6529394319419928
UFRF prior (test),0.5842819451800183
