{
  "input": "04AF330.s2p",
  "Sij": "S11",
  "Z0": 50.0,
  "train_points": 151,
  "test_points": 38,
  "baseline": {
    "model": "RLC series -> \u0393",
    "R": 100.0,
    "L": 1e-08,
    "C": 5e-12,
    "train_MSE": 0.6443729896850592,
    "test_MSE": 0.6529394319419928
  },
  "ufrf_prior": {
    "R": 150.0,
    "L": 1.5000000000000002e-08,
    "C": 7.5e-12,
    "a": 0.2,
    "phi": 0.6283185307179586,
    "train_MSE": 0.5752103085194424,
    "test_MSE": 0.5842819451800183,
    "improvement_percent": 10.515138679520586
  }
}