{
  "input": "LQP15MN10NG02_series.s2p",
  "Sij": "S21",
  "split": "block",
  "test_points": 80,
  "deg": 3,
  "ridge": 0.001,
  "n_cycles": 13,
  "gate": 0.02,
  "Z0": 50.0,
  "baseline_test_MSE": 1.3647939332123766,
  "ufrf_test_MSE": 1.3562733904273012,
  "improvement_percent": 0.6243098373847713,
  "train_gain_used": 0.02825184234484603,
  "used_ufrf": true,
  "tau_est": 5.705582266197249e-11,
  "phi0_est": -0.08230245179617714
}