Model,MSE_complex
Baseline (test),0.011938200288686075
UFRF prior (test),0.012051395429555042
