Model,MSE_complex
Baseline (test),0.25612007915051666
UFRF prior (test),0.2562021894608242
