{
  "input": "RCEC71H106K3DBH03A_DC0V_25degC_series.s2p",
  "Sij": "S12",
  "Z0": 50.0,
  "train_points": 321,
  "test_points": 80,
  "baseline": {
    "model": "delay+poly_complex_logf(deg=3)",
    "tau": 4.30267448189686e-10,
    "phi0": -0.1183030849565251,
    "train_MSE": 0.0041327832764363115,
    "test_MSE": 0.0054375645720457205
  },
  "train_improvement_percent": 0.37116688764795164,
  "gate_threshold_percent": 2.0,
  "gated": false
}