Model,MSE_complex
Baseline (test),0.004032243373818438
UFRF prior (test),0.004024301548478947
