Model,MSE_complex
Baseline (test),0.30175009960863297
UFRF prior (test),0.24341674293298707
