Model,MSE_complex
Baseline (test),0.009853403754158874
UFRF prior (test),0.009937556089927217
