Model,MSE_complex
Baseline (test),0.30017225513730234
UFRF prior (test),0.23973842124540998
