Model,MSE_complex
Baseline (test),0.010893648245787844
UFRF prior (test),0.010999597047541027
