Model,MSE_complex
Baseline (test),0.0077757004577890575
UFRF prior (test),0.007751923820847192
