{
  "input": "0603CT_1N2.s2p",
  "Sij": "S11",
  "Z0": 50.0,
  "train_points": 819,
  "test_points": 204,
  "baseline": {
    "model": "RLC series -> \u0393",
    "R": 70.88235294117646,
    "L": 2.0800000000000003e-09,
    "C": 5e-12,
    "train_MSE": 0.5572020214408246,
    "test_MSE": 0.5585246457180787
  },
  "ufrf_prior": {
    "R": 65.81932773109243,
    "L": 1.6342857142857144e-09,
    "C": 7.5e-12,
    "a": 0.2,
    "phi": 3.141592653589793,
    "train_MSE": 0.5161327269551342,
    "test_MSE": 0.5229658513378737,
    "improvement_percent": 6.366557797013262
  }
}