Model,MSE_complex
Baseline (test),0.004416871323957913
UFRF prior (test),0.004415846198995416
