Model,MSE_complex
Baseline (test),0.8197976091169007
UFRF prior (test),0.8067238948320942
