{
  "input": "NFZ5BBW141LN10_series.s2p",
  "Sij": "S21",
  "split": "block",
  "test_points": 80,
  "deg": 3,
  "ridge": 0.001,
  "n_cycles": 13,
  "gate": 0.02,
  "Z0": 50.0,
  "baseline_test_MSE": 2.7165529352449007,
  "ufrf_test_MSE": 2.7165529352449007,
  "improvement_percent": 0.0,
  "train_gain_used": 0.002929209888406926,
  "used_ufrf": false,
  "tau_est": -4.820175319022375e-10,
  "phi0_est": -0.4822178349005499
}