Model,MSE_complex
Baseline (test),0.003729164249681896
UFRF prior (test),0.0037451369410004196
