{
  "input": "LQP15MN3N1W02_series.s2p",
  "Sij": "S12",
  "Z0": 50.0,
  "train_points": 321,
  "test_points": 80,
  "baseline": {
    "model": "delay+poly_complex_logf(deg=3)",
    "tau": -1.658473076539739e-12,
    "phi0": 0.26370679211852,
    "train_MSE": 0.012351248095214805,
    "test_MSE": 0.013835194423105985
  },
  "train_improvement_percent": 0.2848104244564489,
  "gate_threshold_percent": 2.0,
  "gated": false
}