{
  "input": "04AF181.s2p",
  "Sij": "S11",
  "Z0": 50.0,
  "train_points": 151,
  "test_points": 38,
  "baseline": {
    "model": "RLC series -> \u0393",
    "R": 100.0,
    "L": 1e-10,
    "C": 2e-13,
    "train_MSE": 0.528948264314882,
    "test_MSE": 0.5370263668015269
  },
  "ufrf_prior": {
    "R": 150.0,
    "L": 5e-11,
    "C": 1e-13,
    "a": 0.08,
    "phi": 2.5132741228718345,
    "train_MSE": 0.5122649973041964,
    "test_MSE": 0.521398485483385,
    "improvement_percent": 2.9100770994206484
  }
}