{
  "input": "04AF181.s2p",
  "Sij": "S21",
  "split": "block",
  "test_points": 37,
  "deg": 3,
  "ridge": 0.001,
  "n_cycles": 13,
  "gate": 0.02,
  "Z0": 50.0,
  "baseline_test_MSE": 0.10742734973885337,
  "ufrf_test_MSE": 0.10742734973885337,
  "improvement_percent": 0.0,
  "train_gain_used": 0.0024518068968553733,
  "used_ufrf": false,
  "tau_est": 3.063501589816176e-10,
  "phi0_est": -0.18255962120892974
}