Model,MSE_complex
Baseline (test),0.43837830564268737
UFRF prior (test),0.3115723032506264
