Model,MSE_complex
Baseline (test),0.3696855250233844
UFRF prior (test),0.3052489781185262
