Model,MSE_complex
Baseline (test),0.8197214878312302
UFRF prior (test),0.8060902804785289
