{
  "input": "LQP15MN33NG02_series.s2p",
  "Sij": "S12",
  "Z0": 50.0,
  "train_points": 321,
  "test_points": 80,
  "baseline": {
    "model": "delay+poly_complex_logf(deg=3)",
    "tau": -2.0611580853051767e-11,
    "phi0": 0.5052611465379693,
    "train_MSE": 0.02976959045295983,
    "test_MSE": 0.035452276836421354
  },
  "train_improvement_percent": 0.4004273966610657,
  "gate_threshold_percent": 2.0,
  "gated": false
}