Model,MSE_complex
Baseline (test),0.2967466130605736
UFRF prior (test),0.24204700817298824
