{
  "input": "LQP15MN2N1W02_series.s2p",
  "Sij": "S22",
  "Z0": 50.0,
  "train_points": 321,
  "test_points": 80,
  "baseline": {
    "model": "RLC series -> \u0393",
    "R": 76.70588235294117,
    "L": 2.7400000000000005e-09,
    "C": 5e-12,
    "train_MSE": 0.29684527175386016,
    "test_MSE": 0.2967466130605736
  },
  "ufrf_prior": {
    "R": 71.22689075630252,
    "L": 2.544285714285715e-09,
    "C": 7.5e-12,
    "a": 0.2,
    "phi": 3.7699111843077517,
    "train_MSE": 0.2344595795259932,
    "test_MSE": 0.24204700817298824,
    "improvement_percent": 18.433101669948886
  }
}