{
  "input": "LQP15MN2N7B02_series.s2p",
  "Sij": "S12",
  "Z0": 50.0,
  "train_points": 321,
  "test_points": 80,
  "baseline": {
    "model": "delay+poly_complex_logf(deg=3)",
    "tau": 6.311366076236019e-13,
    "phi0": 0.22039514744745395,
    "train_MSE": 0.009257691823853139,
    "test_MSE": 0.010444830185485582
  },
  "train_improvement_percent": 0.2869957765668708,
  "gate_threshold_percent": 2.0,
  "gated": false
}