Model,MSE_complex
Baseline (test),0.4353355664430745
UFRF prior (test),0.43515547151571765
