{
  "input": "NFZ32SW301HN10_series.s2p",
  "Sij": "S11",
  "Z0": 50.0,
  "train_points": 320,
  "test_points": 81,
  "baseline": {
    "model": "RLC series -> \u0393",
    "R": 59.23529411764706,
    "L": 2.7400000000000005e-09,
    "C": 5.2e-13,
    "train_MSE": 0.4344552617086375,
    "test_MSE": 0.4353355664430745
  },
  "ufrf_prior": {
    "R": 63.46638655462184,
    "L": 2.544285714285715e-09,
    "C": 5.571428571428571e-13,
    "a": 0.04,
    "phi": 2.5132741228718345,
    "train_MSE": 0.4342354993250716,
    "test_MSE": 0.43515547151571765,
    "improvement_percent": 0.04136921980170247
  }
}