Model,MSE_complex
Baseline (test),0.010666544490376422
UFRF prior (test),0.010706523174612891
