Model,MSE_complex
Baseline (test),0.3247025248959624
UFRF prior (test),0.2738485966399656
