{
  "input": "LQP15MN6N2B02_series.s2p",
  "Sij": "S22",
  "Z0": 50.0,
  "train_points": 321,
  "test_points": 80,
  "baseline": {
    "model": "RLC series -> \u0393",
    "R": 88.35294117647058,
    "L": 1e-08,
    "C": 5e-12,
    "train_MSE": 0.3092262717894672,
    "test_MSE": 0.3247025248959624
  },
  "ufrf_prior": {
    "R": 82.04201680672267,
    "L": 1.2142857142857145e-08,
    "C": 7.5e-12,
    "a": 0.2,
    "phi": 3.7699111843077517,
    "train_MSE": 0.25034545290357246,
    "test_MSE": 0.2738485966399656,
    "improvement_percent": 15.661697817807509
  }
}