{
  "input": "RDEC72A475K3K1H03B_DC0V_25degC_series.s2p",
  "Sij": "S21",
  "split": "block",
  "test_points": 80,
  "deg": 3,
  "ridge": 0.001,
  "n_cycles": 13,
  "gate": 0.02,
  "Z0": 50.0,
  "baseline_test_MSE": 2.42258822244193,
  "ufrf_test_MSE": 2.42258822244193,
  "improvement_percent": 0.0,
  "train_gain_used": 0.0035146463043589124,
  "used_ufrf": false,
  "tau_est": 8.706147211475926e-09,
  "phi0_est": 0.174949167011901
}