Model,MSE_complex
Baseline (test),0.01023052705433254
UFRF prior (test),0.010295571342988901
