Model,MSE_complex
Baseline (test),0.00021229228747403423
UFRF prior (test),0.00021094496435082643
