{
  "input": "RDEC71E106K2M1H03A_DC0V_25degC_series.s2p",
  "Sij": "S12",
  "Z0": 50.0,
  "train_points": 321,
  "test_points": 80,
  "baseline": {
    "model": "delay+poly_complex_logf(deg=3)",
    "tau": 4.452689982962249e-10,
    "phi0": -0.11956144451048487,
    "train_MSE": 0.004182913218580421,
    "test_MSE": 0.005494800655922116
  },
  "train_improvement_percent": 0.3743014543301696,
  "gate_threshold_percent": 2.0,
  "gated": false
}