Model,MSE_complex
Baseline (test),0.9035388269356595
UFRF prior (test),0.8859423536229631
