Model,MSE_complex
Baseline (test),0.010557917540258619
UFRF prior (test),0.010577948151416525
