{
  "input": "NFZ32BW8R4HN11_series.s2p",
  "Sij": "S11",
  "Z0": 50.0,
  "train_points": 320,
  "test_points": 81,
  "baseline": {
    "model": "RLC series -> \u0393",
    "R": 70.88235294117646,
    "L": 7.600000000000001e-10,
    "C": 1.16e-12,
    "train_MSE": 0.31710164973302846,
    "test_MSE": 0.31933212477124007
  },
  "ufrf_prior": {
    "R": 65.81932773109243,
    "L": 1.1400000000000002e-09,
    "C": 1.077142857142857e-12,
    "a": 0.0,
    "phi": 0.0,
    "train_MSE": 0.3170912472148563,
    "test_MSE": 0.319341508537173,
    "improvement_percent": -0.0029385599521751507
  }
}