{
  "input": "NFZ5BBW970LZ10_series.s2p",
  "Sij": "S12",
  "Z0": 50.0,
  "train_points": 321,
  "test_points": 80,
  "baseline": {
    "model": "delay+poly_complex_logf(deg=3)",
    "tau": -2.681258350688489e-11,
    "phi0": 0.10267640884880422,
    "train_MSE": 0.01986618819559652,
    "test_MSE": 0.01808727992796602
  },
  "train_improvement_percent": 0.1919524187282885,
  "gate_threshold_percent": 2.0,
  "gated": false
}