Model,MSE_complex
Baseline (test),0.6991561939322135
UFRF prior (test),0.6245530114535166
