{
  "input": "0603CT_30N.s2p",
  "Sij": "S22",
  "Z0": 50.0,
  "train_points": 698,
  "test_points": 174,
  "baseline": {
    "model": "RLC series -> \u0393",
    "R": 100.0,
    "L": 1e-08,
    "C": 5e-12,
    "train_MSE": 0.6962772684780762,
    "test_MSE": 0.6991561939322135
  },
  "ufrf_prior": {
    "R": 150.0,
    "L": 1.5000000000000002e-08,
    "C": 7.5e-12,
    "a": 0.2,
    "phi": 5.654866776461628,
    "train_MSE": 0.6032885234606332,
    "test_MSE": 0.6245530114535166,
    "improvement_percent": 10.670460066886003
  }
}