{
  "input": "NFZ5BBW220LN10_series.s2p",
  "Sij": "S21",
  "split": "block",
  "test_points": 80,
  "deg": 3,
  "ridge": 0.001,
  "n_cycles": 13,
  "gate": 0.02,
  "Z0": 50.0,
  "baseline_test_MSE": 4.749702865270407,
  "ufrf_test_MSE": 4.749702865270407,
  "improvement_percent": 0.0,
  "train_gain_used": 0.001809587009010022,
  "used_ufrf": false,
  "tau_est": -5.830380862137833e-10,
  "phi0_est": -0.5588758213443381
}