{
  "input": "NFZ5BBW100LN10_series.s2p",
  "Sij": "S21",
  "split": "block",
  "test_points": 80,
  "deg": 3,
  "ridge": 0.001,
  "n_cycles": 13,
  "gate": 0.02,
  "Z0": 50.0,
  "baseline_test_MSE": 4.218703824417078,
  "ufrf_test_MSE": 4.218703824417078,
  "improvement_percent": 0.0,
  "train_gain_used": 0.001823442625613327,
  "used_ufrf": false,
  "tau_est": -5.226369214290849e-10,
  "phi0_est": -0.46413765535573925
}