{
  "input": "0603CT_27N.s2p",
  "Sij": "S12",
  "Z0": 50.0,
  "train_points": 708,
  "test_points": 176,
  "baseline": {
    "model": "delay+poly_complex_logf(deg=3)",
    "tau": 4.190887111920346e-11,
    "phi0": 0.2241788798183896,
    "train_MSE": 0.006369430492483752,
    "test_MSE": 0.006134752124425114
  },
  "train_improvement_percent": 0.392313279616486,
  "gate_threshold_percent": 2.0,
  "gated": false
}