Model,MSE_complex
Baseline (test),0.010226827608943242
UFRF prior (test),0.010237522236883081
