Model,MSE_complex
Baseline (test),0.6665672297061312
UFRF prior (test),0.6228929318420838
