{
  "input": "BLE18PK100SN1_series.s2p",
  "Sij": "S11",
  "Z0": 50.0,
  "train_points": 320,
  "test_points": 81,
  "baseline": {
    "model": "RLC series -> \u0393",
    "R": 100.0,
    "L": 4.0600000000000005e-09,
    "C": 5e-12,
    "train_MSE": 0.667857625227175,
    "test_MSE": 0.6665672297061312
  },
  "ufrf_prior": {
    "R": 135.71428571428572,
    "L": 3.77e-09,
    "C": 7.5e-12,
    "a": 0.2,
    "phi": 5.654866776461628,
    "train_MSE": 0.623814371911786,
    "test_MSE": 0.6228929318420838,
    "improvement_percent": 6.5521219642468855
  }
}