Model,MSE_complex
Baseline (test),0.01110911862986471
UFRF prior (test),0.0110955514286215
