Model,MSE_complex
Baseline (test),0.013152547882778285
UFRF prior (test),0.01329481649733929
