{
  "input": "GRM32ED70G227ME01_DC0V_25degC_series.s2p",
  "Sij": "S21",
  "split": "block",
  "test_points": 80,
  "deg": 3,
  "ridge": 0.001,
  "n_cycles": 13,
  "gate": 0.02,
  "Z0": 50.0,
  "baseline_test_MSE": 0.11584292757803723,
  "ufrf_test_MSE": 0.11584292757803723,
  "improvement_percent": 0.0,
  "train_gain_used": 0.005290046071117184,
  "used_ufrf": false,
  "tau_est": 1.932239199419906e-11,
  "phi0_est": 0.008211085085554659
}