Model,MSE_complex
Baseline (test),0.3768266038402361
UFRF prior (test),0.3153961641979756
