{
  "input": "LQG15HH1N1S02_series.s2p",
  "Sij": "S11",
  "Z0": 50.0,
  "train_points": 320,
  "test_points": 81,
  "baseline": {
    "model": "RLC series -> \u0393",
    "R": 82.52941176470588,
    "L": 2.0800000000000003e-09,
    "C": 5e-12,
    "train_MSE": 0.37037108960987186,
    "test_MSE": 0.3768266038402361
  },
  "ufrf_prior": {
    "R": 76.6344537815126,
    "L": 1.9314285714285718e-09,
    "C": 7.5e-12,
    "a": 0.2,
    "phi": 5.026548245743669,
    "train_MSE": 0.309051677236841,
    "test_MSE": 0.3153961641979756,
    "improvement_percent": 16.30204423366702
  }
}