Model,MSE_complex
Baseline (test),0.007982855292708896
UFRF prior (test),0.007975885786229767
