{
  "input": "NFZ5BBW141LZ10_series.s2p",
  "Sij": "S11",
  "Z0": 50.0,
  "train_points": 320,
  "test_points": 81,
  "baseline": {
    "model": "RLC series -> \u0393",
    "R": 100.0,
    "L": 1e-08,
    "C": 3.08e-12,
    "train_MSE": 0.032844495156758566,
    "test_MSE": 0.034898212804913044
  },
  "ufrf_prior": {
    "R": 92.85714285714286,
    "L": 1.2142857142857145e-08,
    "C": 2.8599999999999995e-12,
    "a": 0.0,
    "phi": 0.0,
    "train_MSE": 0.0330204899008993,
    "test_MSE": 0.035159867688394866,
    "improvement_percent": -0.7497658546141542
  }
}