Model,MSE_complex
Baseline (test),0.003410298244757292
UFRF prior (test),0.0032476686268771227
