{
  "input": "NFZ32BW451HZ10_series.s2p",
  "Sij": "S22",
  "Z0": 50.0,
  "train_points": 321,
  "test_points": 80,
  "baseline": {
    "model": "RLC series -> \u0393",
    "R": 53.41176470588235,
    "L": 7.600000000000001e-10,
    "C": 1.16e-12,
    "train_MSE": 0.0036616923954816065,
    "test_MSE": 0.003410298244757292
  },
  "ufrf_prior": {
    "R": 49.59663865546218,
    "L": 3.8000000000000003e-10,
    "C": 1.2428571428571427e-12,
    "a": 0.0,
    "phi": 0.0,
    "train_MSE": 0.0034263712160039605,
    "test_MSE": 0.0032476686268771227,
    "improvement_percent": 4.768779919181046
  }
}