{
  "input": "LQP15MN15NG02_series.s2p",
  "Sij": "S22",
  "Z0": 50.0,
  "train_points": 321,
  "test_points": 80,
  "baseline": {
    "model": "RLC series -> \u0393",
    "R": 100.0,
    "L": 1e-08,
    "C": 5e-12,
    "train_MSE": 0.37658086026231835,
    "test_MSE": 0.3848944214279001
  },
  "ufrf_prior": {
    "R": 107.14285714285714,
    "L": 1.5000000000000002e-08,
    "C": 7.5e-12,
    "a": 0.2,
    "phi": 3.7699111843077517,
    "train_MSE": 0.2782042393893682,
    "test_MSE": 0.2921814528592726,
    "improvement_percent": 24.087896162453173
  }
}