{
  "input": "LQP15MN1N8W02_series.s2p",
  "Sij": "S11",
  "Z0": 50.0,
  "train_points": 320,
  "test_points": 81,
  "baseline": {
    "model": "RLC series -> \u0393",
    "R": 70.88235294117646,
    "L": 2.0800000000000003e-09,
    "C": 5e-12,
    "train_MSE": 0.2942206944578789,
    "test_MSE": 0.2968832682587919
  },
  "ufrf_prior": {
    "R": 65.81932773109243,
    "L": 1.9314285714285718e-09,
    "C": 7.5e-12,
    "a": 0.2,
    "phi": 3.141592653589793,
    "train_MSE": 0.23225990523824708,
    "test_MSE": 0.2356075022387529,
    "improvement_percent": 20.639683192461078
  }
}