Model,MSE_complex
Baseline (test),0.41513309088790645
UFRF prior (test),0.3947505880194637
