Model,MSE_complex
Baseline (test),0.0009756514852024089
UFRF prior (test),0.0011815178748775274
