Model,MSE_complex
Baseline (test),0.012083745314980077
UFRF prior (test),0.012094319285196446
