Model,MSE_complex
Baseline (test),0.29691298532961885
UFRF prior (test),0.23506625058374264
