{
  "input": "LQP15MN1N7W02_series.s2p",
  "Sij": "S11",
  "Z0": 50.0,
  "train_points": 320,
  "test_points": 81,
  "baseline": {
    "model": "RLC series -> \u0393",
    "R": 70.88235294117646,
    "L": 2.0800000000000003e-09,
    "C": 5e-12,
    "train_MSE": 0.2944518801320226,
    "test_MSE": 0.29691298532961885
  },
  "ufrf_prior": {
    "R": 65.81932773109243,
    "L": 1.9314285714285718e-09,
    "C": 7.5e-12,
    "a": 0.2,
    "phi": 3.141592653589793,
    "train_MSE": 0.23195182608547069,
    "test_MSE": 0.23506625058374264,
    "improvement_percent": 20.829919135135455
  }
}