Model,MSE_complex
Baseline (test),0.2990566854965273
UFRF prior (test),0.23606825675372928
