{
  "input": "LQP15MN1N4W02_series.s2p",
  "Sij": "S11",
  "Z0": 50.0,
  "train_points": 320,
  "test_points": 81,
  "baseline": {
    "model": "RLC series -> \u0393",
    "R": 70.88235294117646,
    "L": 1.4200000000000003e-09,
    "C": 5e-12,
    "train_MSE": 0.296733158978099,
    "test_MSE": 0.2990566854965273
  },
  "ufrf_prior": {
    "R": 65.81932773109243,
    "L": 1.3185714285714288e-09,
    "C": 7.5e-12,
    "a": 0.2,
    "phi": 3.141592653589793,
    "train_MSE": 0.23315862910301702,
    "test_MSE": 0.23606825675372928,
    "improvement_percent": 21.062371047889332
  }
}