{
  "input": "NFZ32BW6R8HN11_series.s2p",
  "Sij": "S12",
  "Z0": 50.0,
  "train_points": 321,
  "test_points": 80,
  "baseline": {
    "model": "delay+poly_complex_logf(deg=3)",
    "tau": -1.0681953622205678e-10,
    "phi0": 0.27162794121601863,
    "train_MSE": 0.03411397253044845,
    "test_MSE": 0.04181637286476929
  },
  "train_improvement_percent": 0.41761074955706123,
  "gate_threshold_percent": 2.0,
  "gated": false
}