Model,MSE_complex
Baseline (test),0.007554221704968479
UFRF prior (test),0.007529739540213186
