{
  "input": "LQG15HH18NG02_series.s2p",
  "Sij": "S11",
  "Z0": 50.0,
  "train_points": 320,
  "test_points": 81,
  "baseline": {
    "model": "RLC series -> \u0393",
    "R": 100.0,
    "L": 1e-10,
    "C": 5e-12,
    "train_MSE": 0.49059585627277913,
    "test_MSE": 0.49074850533265796
  },
  "ufrf_prior": {
    "R": 150.0,
    "L": 5e-11,
    "C": 7.5e-12,
    "a": 0.2,
    "phi": 3.141592653589793,
    "train_MSE": 0.3690760598662286,
    "test_MSE": 0.3708466917081042,
    "improvement_percent": 24.432435824389792
  }
}