Model,MSE_complex
Baseline (test),0.011265962909989904
UFRF prior (test),0.011321959865148215
