{
  "input": "04AF251.s2p",
  "Sij": "S12",
  "Z0": 50.0,
  "train_points": 152,
  "test_points": 37,
  "baseline": {
    "model": "delay+poly_complex_logf(deg=3)",
    "tau": -6.888219798999647e-12,
    "phi0": 0.5281783166786006,
    "train_MSE": 0.00898683260928596,
    "test_MSE": 0.009022842040336116
  },
  "train_improvement_percent": 0.3384544284089383,
  "gate_threshold_percent": 2.0,
  "gated": false
}