{
  "input": "0603CT_9N5.s2p",
  "Sij": "S21",
  "split": "block",
  "test_points": 183,
  "deg": 3,
  "ridge": 0.001,
  "n_cycles": 13,
  "gate": 0.02,
  "Z0": 50.0,
  "baseline_test_MSE": 0.7797296355887627,
  "ufrf_test_MSE": 0.7797296355887627,
  "improvement_percent": 0.0,
  "train_gain_used": 0.004689443547091372,
  "used_ufrf": false,
  "tau_est": 8.5348898715877e-11,
  "phi0_est": -0.00441413442850265
}