{
  "input": "0603CT_39N.s2p",
  "Sij": "S21",
  "split": "block",
  "test_points": 173,
  "deg": 3,
  "ridge": 0.001,
  "n_cycles": 13,
  "gate": 0.02,
  "Z0": 50.0,
  "baseline_test_MSE": 0.21658682238499807,
  "ufrf_test_MSE": 0.21658682238499807,
  "improvement_percent": 0.0,
  "train_gain_used": 0.0041465553597444214,
  "used_ufrf": false,
  "tau_est": 2.49739318353752e-10,
  "phi0_est": -0.03650004883254655
}