Model,MSE_complex
Baseline (test),0.00027638962814685683
UFRF prior (test),0.0002702971817586875
