{
  "input": "GRM32ER60G227ME05_DC0V_25degC_series.s2p",
  "Sij": "S11",
  "Z0": 50.0,
  "train_points": 321,
  "test_points": 80,
  "baseline": {
    "model": "RLC series -> \u0393",
    "R": 76.70588235294117,
    "L": 1.4200000000000003e-09,
    "C": 5e-12,
    "train_MSE": 0.8289685380729769,
    "test_MSE": 0.818970520894921
  },
  "ufrf_prior": {
    "R": 71.22689075630252,
    "L": 1.3185714285714288e-09,
    "C": 7.5e-12,
    "a": 0.2,
    "phi": 5.654866776461628,
    "train_MSE": 0.805000226398368,
    "test_MSE": 0.8061147988039435,
    "improvement_percent": 1.569741738314275
  }
}