Model,MSE_complex
Baseline (test),0.00916150479901415
UFRF prior (test),0.009135383761249687
