{
  "input": "GRM21BC80E107ME15_DC0V_25degC_series.s2p",
  "Sij": "S12",
  "Z0": 50.0,
  "train_points": 321,
  "test_points": 80,
  "baseline": {
    "model": "delay+poly_complex_logf(deg=3)",
    "tau": 2.7863912699054117e-12,
    "phi0": -0.013823793809913063,
    "train_MSE": 0.00023369899413220476,
    "test_MSE": 0.0003958673657619244
  },
  "train_improvement_percent": 0.3167710380874515,
  "gate_threshold_percent": 2.0,
  "gated": false
}