{
  "input": "LQP15MN2N7W02_series.s2p",
  "Sij": "S21",
  "split": "block",
  "test_points": 80,
  "deg": 3,
  "ridge": 0.001,
  "n_cycles": 13,
  "gate": 0.02,
  "Z0": 50.0,
  "baseline_test_MSE": 0.5478353308459666,
  "ufrf_test_MSE": 0.5478353308459666,
  "improvement_percent": 0.0,
  "train_gain_used": 0.003073893351543083,
  "used_ufrf": false,
  "tau_est": 2.1431182220081026e-11,
  "phi0_est": -0.0046086019319948384
}