Model,MSE_complex
Baseline (test),0.0020678761742780926
UFRF prior (test),0.002070288023080281
