Model,MSE_complex
Baseline (test),0.032135180463269124
UFRF prior (test),0.033258792763384684
