{
  "input": "NFZ5BBW141LN10_series.s2p",
  "Sij": "S11",
  "Z0": 50.0,
  "train_points": 321,
  "test_points": 80,
  "baseline": {
    "model": "RLC series -> \u0393",
    "R": 100.0,
    "L": 1e-08,
    "C": 3.08e-12,
    "train_MSE": 0.033539499222115784,
    "test_MSE": 0.032135180463269124
  },
  "ufrf_prior": {
    "R": 92.85714285714286,
    "L": 1.2142857142857145e-08,
    "C": 2.8599999999999995e-12,
    "a": 0.0,
    "phi": 0.0,
    "train_MSE": 0.03350094277251397,
    "test_MSE": 0.033258792763384684,
    "improvement_percent": -3.496517784923791
  }
}