Model,MSE_complex
Baseline (test),0.9489623844599524
UFRF prior (test),0.9313669555526921
