Model,MSE_complex
Baseline (test),0.010498765386428315
UFRF prior (test),0.01047278287341117
