Model,MSE_complex
Baseline (test),0.2998464571608457
UFRF prior (test),0.2396491892510215
