{
  "input": "LQP15MN2N3W02_series.s2p",
  "Sij": "S11",
  "Z0": 50.0,
  "train_points": 320,
  "test_points": 81,
  "baseline": {
    "model": "RLC series -> \u0393",
    "R": 76.70588235294117,
    "L": 3.4000000000000007e-09,
    "C": 5e-12,
    "train_MSE": 0.29645174239700534,
    "test_MSE": 0.2998464571608457
  },
  "ufrf_prior": {
    "R": 71.22689075630252,
    "L": 3.157142857142858e-09,
    "C": 7.5e-12,
    "a": 0.2,
    "phi": 3.141592653589793,
    "train_MSE": 0.23557963276859495,
    "test_MSE": 0.2396491892510215,
    "improvement_percent": 20.076031072640873
  }
}