Model,MSE_complex
Baseline (test),0.44333880604795706
UFRF prior (test),0.3668316442158434
