Model,MSE_complex
Baseline (test),0.3335024848839101
UFRF prior (test),0.26637884228837966
