{
  "input": "NFZ32BW700HN10_series.s2p",
  "Sij": "S21",
  "split": "block",
  "test_points": 80,
  "deg": 3,
  "ridge": 0.001,
  "n_cycles": 13,
  "gate": 0.02,
  "Z0": 50.0,
  "baseline_test_MSE": 1.7996156778931163,
  "ufrf_test_MSE": 1.7996156778931163,
  "improvement_percent": 0.0,
  "train_gain_used": 0.0008703572173040019,
  "used_ufrf": false,
  "tau_est": -7.909282999159227e-10,
  "phi0_est": -0.8270101884650181
}