Model,MSE_complex
Baseline (test),0.8923196107520986
UFRF prior (test),0.8787310448414355
