{
  "input": "LQP15MN4N7B02_series.s2p",
  "Sij": "S12",
  "Z0": 50.0,
  "train_points": 321,
  "test_points": 80,
  "baseline": {
    "model": "delay+poly_complex_logf(deg=3)",
    "tau": -8.914759094563146e-12,
    "phi0": 0.36489223394823417,
    "train_MSE": 0.02834783489785775,
    "test_MSE": 0.031134139203045103
  },
  "train_improvement_percent": 0.3008507661464695,
  "gate_threshold_percent": 2.0,
  "gated": false
}