{
  "input": "0603CT_4N3.s2p",
  "Sij": "S12",
  "Z0": 50.0,
  "train_points": 769,
  "test_points": 192,
  "baseline": {
    "model": "delay+poly_complex_logf(deg=3)",
    "tau": 1.0610603797579101e-11,
    "phi0": 0.11144889426217562,
    "train_MSE": 0.00632282469811957,
    "test_MSE": 0.007134110839202179
  },
  "train_improvement_percent": 0.2819238860582207,
  "gate_threshold_percent": 2.0,
  "gated": false
}