Model,MSE_complex
Baseline (test),0.8702118390643306
UFRF prior (test),0.8566485060794532
