Model,MSE_complex
Baseline (test),0.011432392121608419
UFRF prior (test),0.01154631531389625
