{
  "input": "NFZ32BW7R4HN10_series.s2p",
  "Sij": "S11",
  "Z0": 50.0,
  "train_points": 320,
  "test_points": 81,
  "baseline": {
    "model": "RLC series -> \u0393",
    "R": 53.41176470588235,
    "L": 1.4200000000000003e-09,
    "C": 8.400000000000001e-13,
    "train_MSE": 0.33781964793961594,
    "test_MSE": 0.33986282481729563
  },
  "ufrf_prior": {
    "R": 57.22689075630252,
    "L": 7.100000000000001e-10,
    "C": 9.000000000000001e-13,
    "a": 0.0,
    "phi": 0.0,
    "train_MSE": 0.3378350656433097,
    "test_MSE": 0.3398042486386459,
    "improvement_percent": 0.017235241506989785
  }
}