Model,MSE_complex
Baseline (test),0.31441526420478305
UFRF prior (test),0.31422865953489487
