Model,MSE_complex
Baseline (test),0.008488369731885475
UFRF prior (test),0.008514543524062494
