{
  "input": "LQP15MN12NG02_series.s2p",
  "Sij": "S12",
  "Z0": 50.0,
  "train_points": 321,
  "test_points": 80,
  "baseline": {
    "model": "delay+poly_complex_logf(deg=3)",
    "tau": -1.6248035249952602e-11,
    "phi0": 0.4606392672450497,
    "train_MSE": 0.036785471461464,
    "test_MSE": 0.04190693954674626
  },
  "train_improvement_percent": 0.3209385781776368,
  "gate_threshold_percent": 2.0,
  "gated": false
}