{
  "input": "0603CT_5N6.s2p",
  "Sij": "S11",
  "Z0": 50.0,
  "train_points": 762,
  "test_points": 191,
  "baseline": {
    "model": "RLC series -> \u0393",
    "R": 88.35294117647058,
    "L": 1e-08,
    "C": 5e-12,
    "train_MSE": 0.5868602331709684,
    "test_MSE": 0.5879369180740579
  },
  "ufrf_prior": {
    "R": 82.04201680672267,
    "L": 9.285714285714288e-09,
    "C": 7.5e-12,
    "a": 0.2,
    "phi": 3.141592653589793,
    "train_MSE": 0.5481753371374132,
    "test_MSE": 0.549349976919375,
    "improvement_percent": 6.563109062973038
  }
}