{
  "input": "LQP15MN2N4W02_series.s2p",
  "Sij": "S12",
  "Z0": 50.0,
  "train_points": 321,
  "test_points": 80,
  "baseline": {
    "model": "delay+poly_complex_logf(deg=3)",
    "tau": 2.9975860112073203e-12,
    "phi0": 0.177061156301875,
    "train_MSE": 0.00666062280223104,
    "test_MSE": 0.007568910349850957
  },
  "train_improvement_percent": 0.28047431887451935,
  "gate_threshold_percent": 2.0,
  "gated": false
}