{
  "input": "LQP15MN2N3W02_series.s2p",
  "Sij": "S12",
  "Z0": 50.0,
  "train_points": 321,
  "test_points": 80,
  "baseline": {
    "model": "delay+poly_complex_logf(deg=3)",
    "tau": 4.934710425354883e-12,
    "phi0": 0.1476252786542745,
    "train_MSE": 0.0046976198340202835,
    "test_MSE": 0.005340731122615361
  },
  "train_improvement_percent": 0.24430053247026917,
  "gate_threshold_percent": 2.0,
  "gated": false
}