Model,MSE_complex
Baseline (test),0.5416961870562613
UFRF prior (test),0.5193060766428824
