{
  "input": "LQP15MN2N4W02_series.s2p",
  "Sij": "S22",
  "Z0": 50.0,
  "train_points": 321,
  "test_points": 80,
  "baseline": {
    "model": "RLC series -> \u0393",
    "R": 76.70588235294117,
    "L": 3.4000000000000007e-09,
    "C": 5e-12,
    "train_MSE": 0.29800200702087254,
    "test_MSE": 0.2995234140054381
  },
  "ufrf_prior": {
    "R": 71.22689075630252,
    "L": 3.157142857142858e-09,
    "C": 7.5e-12,
    "a": 0.2,
    "phi": 3.7699111843077517,
    "train_MSE": 0.23637878364623796,
    "test_MSE": 0.24571569411639155,
    "improvement_percent": 17.964445306459286
  }
}