Model,MSE_complex
Baseline (test),0.5875092052859678
UFRF prior (test),0.5611745283465612
