{
  "input": "RDEC71H475K2M1H03A_DC0V_25degC_series.s2p",
  "Sij": "S21",
  "split": "block",
  "test_points": 80,
  "deg": 3,
  "ridge": 0.001,
  "n_cycles": 13,
  "gate": 0.02,
  "Z0": 50.0,
  "baseline_test_MSE": 2.427628187811441,
  "ufrf_test_MSE": 2.427628187811441,
  "improvement_percent": 0.0,
  "train_gain_used": 0.003395219717216002,
  "used_ufrf": false,
  "tau_est": 8.673326742632769e-09,
  "phi0_est": 0.17425437374371147
}