Model,MSE_complex
Baseline (test),0.5583228111021817
UFRF prior (test),0.5185344514281279
