Model,MSE_complex
Baseline (test),0.29438130847836275
UFRF prior (test),0.23677932679104488
