Model,MSE_complex
Baseline (test),0.37595049554174437
UFRF prior (test),0.3190277000826455
