Model,MSE_complex
Baseline (test),0.00018824566500759792
UFRF prior (test),0.00018691155579271312
