{
  "input": "0603CT_3N6.s2p",
  "Sij": "S22",
  "Z0": 50.0,
  "train_points": 780,
  "test_points": 194,
  "baseline": {
    "model": "RLC series -> \u0393",
    "R": 82.52941176470588,
    "L": 6.040000000000001e-09,
    "C": 5e-12,
    "train_MSE": 0.566564624348829,
    "test_MSE": 0.6318547798412336
  },
  "ufrf_prior": {
    "R": 76.6344537815126,
    "L": 5.6085714285714295e-09,
    "C": 7.5e-12,
    "a": 0.2,
    "phi": 0.0,
    "train_MSE": 0.5257146889046151,
    "test_MSE": 0.603004815866731,
    "improvement_percent": 4.565916868073976
  }
}