{
  "input": "04AF561.s2p",
  "Sij": "S22",
  "Z0": 50.0,
  "train_points": 152,
  "test_points": 37,
  "baseline": {
    "model": "RLC series -> \u0393",
    "R": 100.0,
    "L": 1e-10,
    "C": 2e-13,
    "train_MSE": 0.3906509512334226,
    "test_MSE": 0.41513309088790645
  },
  "ufrf_prior": {
    "R": 150.0,
    "L": 5e-11,
    "C": 1e-13,
    "a": 0.04,
    "phi": 3.141592653589793,
    "train_MSE": 0.37728725350260667,
    "test_MSE": 0.3947505880194637,
    "improvement_percent": 4.9098718738242875
  }
}