{
  "input": "LQP15MN1N5B02_series.s2p",
  "Sij": "S21",
  "split": "block",
  "test_points": 80,
  "deg": 3,
  "ridge": 0.001,
  "n_cycles": 13,
  "gate": 0.02,
  "Z0": 50.0,
  "baseline_test_MSE": 1.0661890788826796,
  "ufrf_test_MSE": 1.0661890788826796,
  "improvement_percent": 0.0,
  "train_gain_used": 0.0036914414381289903,
  "used_ufrf": false,
  "tau_est": 1.0586089216820944e-11,
  "phi0_est": -0.0016958864637386616
}