{
  "input": "0603CT_51N.s2p",
  "Sij": "S21",
  "split": "block",
  "test_points": 173,
  "deg": 3,
  "ridge": 0.001,
  "n_cycles": 13,
  "gate": 0.02,
  "Z0": 50.0,
  "baseline_test_MSE": 0.27029410406066073,
  "ufrf_test_MSE": 0.27029410406066073,
  "improvement_percent": 0.0,
  "train_gain_used": 0.0035841538741532343,
  "used_ufrf": false,
  "tau_est": 2.8821752540317533e-10,
  "phi0_est": -0.05166989964416699
}