Model,MSE_complex
Baseline (test),0.3020258018516946
UFRF prior (test),0.24269373039278908
