{
  "input": "LQP15MN2N6W02_series.s2p",
  "Sij": "S11",
  "Z0": 50.0,
  "train_points": 320,
  "test_points": 81,
  "baseline": {
    "model": "RLC series -> \u0393",
    "R": 76.70588235294117,
    "L": 4.0600000000000005e-09,
    "C": 5e-12,
    "train_MSE": 0.29824190171108306,
    "test_MSE": 0.3020258018516946
  },
  "ufrf_prior": {
    "R": 71.22689075630252,
    "L": 3.77e-09,
    "C": 7.5e-12,
    "a": 0.2,
    "phi": 3.141592653589793,
    "train_MSE": 0.23824861055146335,
    "test_MSE": 0.24269373039278908,
    "improvement_percent": 19.64470290125731
  }
}