Model,MSE_complex
Baseline (test),0.8934134441803103
UFRF prior (test),0.8798233899510712
