Model,MSE_complex
Baseline (test),0.9723752011100494
UFRF prior (test),0.9548233464880953
