{
  "input": "04AF471.s2p",
  "Sij": "S12",
  "Z0": 50.0,
  "train_points": 152,
  "test_points": 37,
  "baseline": {
    "model": "delay+poly_complex_logf(deg=3)",
    "tau": -2.970157633562029e-11,
    "phi0": 0.6601137383901671,
    "train_MSE": 0.009692093601331843,
    "test_MSE": 0.010000360101633996
  },
  "train_improvement_percent": 0.2979467753143311,
  "gate_threshold_percent": 2.0,
  "gated": false
}