Model,MSE_complex
Baseline (test),0.005981234543016819
UFRF prior (test),0.006034956723356672
