{
  "input": "04AF271.s2p",
  "Sij": "S12",
  "Z0": 50.0,
  "train_points": 152,
  "test_points": 37,
  "baseline": {
    "model": "delay+poly_complex_logf(deg=3)",
    "tau": 1.465847482764844e-12,
    "phi0": 0.5403606217456911,
    "train_MSE": 0.009097606495571453,
    "test_MSE": 0.009024745291234664
  },
  "train_improvement_percent": 0.3411148001901253,
  "gate_threshold_percent": 2.0,
  "gated": false
}