Model,MSE_complex
Baseline (test),0.2984363400538135
UFRF prior (test),0.23778996777696562
