{
  "input": "LQP15MN2N0B02_series.s2p",
  "Sij": "S11",
  "Z0": 50.0,
  "train_points": 320,
  "test_points": 81,
  "baseline": {
    "model": "RLC series -> \u0393",
    "R": 70.88235294117646,
    "L": 2.7400000000000005e-09,
    "C": 5e-12,
    "train_MSE": 0.2953839956689207,
    "test_MSE": 0.2984363400538135
  },
  "ufrf_prior": {
    "R": 65.81932773109243,
    "L": 2.544285714285715e-09,
    "C": 7.5e-12,
    "a": 0.2,
    "phi": 3.141592653589793,
    "train_MSE": 0.23404316459081015,
    "test_MSE": 0.23778996777696562,
    "improvement_percent": 20.32137650056699
  }
}