{
  "input": "BLE18PK100SN1_series.s2p",
  "Sij": "S12",
  "Z0": 50.0,
  "train_points": 321,
  "test_points": 80,
  "baseline": {
    "model": "delay+poly_complex_logf(deg=3)",
    "tau": -1.1648633955303702e-12,
    "phi0": 0.06086403067953356,
    "train_MSE": 0.0006574018652109227,
    "test_MSE": 0.0007264440115136693
  },
  "train_improvement_percent": 0.25118783786327664,
  "gate_threshold_percent": 2.0,
  "gated": false
}