Model,MSE_complex
Baseline (test),0.29739754199811913
UFRF prior (test),0.2393177239285344
