Model,MSE_complex
Baseline (test),0.011362465571094828
UFRF prior (test),0.011400845924886046
