Model,MSE_complex
Baseline (test),0.005934258065891074
UFRF prior (test),0.005924741434115253
