{
  "input": "04AF780.s2p",
  "Sij": "S12",
  "Z0": 50.0,
  "train_points": 152,
  "test_points": 37,
  "baseline": {
    "model": "delay+poly_complex_logf(deg=3)",
    "tau": 5.0855863925024174e-12,
    "phi0": 0.2925196378184851,
    "train_MSE": 0.008335021654844121,
    "test_MSE": 0.008490804256386736
  },
  "train_improvement_percent": 0.2291972786939967,
  "gate_threshold_percent": 2.0,
  "gated": false
}