{
  "input": "LQG15HH1N1C02_series.s2p",
  "Sij": "S11",
  "Z0": 50.0,
  "train_points": 321,
  "test_points": 80,
  "baseline": {
    "model": "RLC series -> \u0393",
    "R": 82.52941176470588,
    "L": 2.0800000000000003e-09,
    "C": 5e-12,
    "train_MSE": 0.3637888093572196,
    "test_MSE": 0.40331869728188324
  },
  "ufrf_prior": {
    "R": 76.6344537815126,
    "L": 2.228571428571429e-09,
    "C": 7.5e-12,
    "a": 0.2,
    "phi": 4.39822971502571,
    "train_MSE": 0.3014131498304999,
    "test_MSE": 0.34776818204900345,
    "improvement_percent": 13.773354820209342
  }
}