{
  "input": "04AF201.s2p",
  "Sij": "S21",
  "split": "block",
  "test_points": 70,
  "deg": 3,
  "ridge": 0.001,
  "n_cycles": 13,
  "gate": 0.02,
  "Z0": 50.0,
  "baseline_test_MSE": 0.165801942760075,
  "ufrf_test_MSE": 0.165801942760075,
  "improvement_percent": 0.0,
  "train_gain_used": 0.0019162140486157302,
  "used_ufrf": false,
  "tau_est": 5.143459781044827e-10,
  "phi0_est": -0.14701513479084835
}