{
  "input": "RDEC71E226K3P1H03B_DC0V_25degC_series.s2p",
  "Sij": "S21",
  "split": "block",
  "test_points": 80,
  "deg": 3,
  "ridge": 0.001,
  "n_cycles": 13,
  "gate": 0.02,
  "Z0": 50.0,
  "baseline_test_MSE": 1.3674595404762044,
  "ufrf_test_MSE": 1.3674595404762044,
  "improvement_percent": 0.0,
  "train_gain_used": 0.0024259954332530235,
  "used_ufrf": false,
  "tau_est": 4.564203481101902e-09,
  "phi0_est": 0.09115293462290211
}