Model,MSE_complex
Baseline (test),0.004665033173836287
UFRF prior (test),0.00466459531104611
