{
  "input": "04AF720.s2p",
  "Sij": "S21",
  "split": "block",
  "test_points": 37,
  "deg": 3,
  "ridge": 0.001,
  "n_cycles": 13,
  "gate": 0.02,
  "Z0": 50.0,
  "baseline_test_MSE": 0.25940410812093456,
  "ufrf_test_MSE": 0.25940410812093456,
  "improvement_percent": 0.0,
  "train_gain_used": 0.00404841309153062,
  "used_ufrf": false,
  "tau_est": 2.0564853997677007e-10,
  "phi0_est": -0.09395685236285238
}