Model,MSE_complex
Baseline (test),0.9458636889027637
UFRF prior (test),0.9282913550849792
