{
  "input": "LQP15MN1N5B02_series.s2p",
  "Sij": "S12",
  "Z0": 50.0,
  "train_points": 321,
  "test_points": 80,
  "baseline": {
    "model": "delay+poly_complex_logf(deg=3)",
    "tau": 8.984974461213278e-12,
    "phi0": 0.01648127712163777,
    "train_MSE": 0.00046167126384811293,
    "test_MSE": 0.000536542393326245
  },
  "train_improvement_percent": 0.11847190636612163,
  "gate_threshold_percent": 2.0,
  "gated": false
}