{
  "input": "LQG15HH15NH02_series.s2p",
  "Sij": "S11",
  "Z0": 50.0,
  "train_points": 320,
  "test_points": 81,
  "baseline": {
    "model": "RLC series -> \u0393",
    "R": 100.0,
    "L": 1e-10,
    "C": 5e-12,
    "train_MSE": 0.47684646183047497,
    "test_MSE": 0.4776298355000122
  },
  "ufrf_prior": {
    "R": 150.0,
    "L": 5e-11,
    "C": 7.5e-12,
    "a": 0.2,
    "phi": 3.141592653589793,
    "train_MSE": 0.3644115662103054,
    "test_MSE": 0.3669756796248863,
    "improvement_percent": 23.16734585042962
  }
}