{
  "input": "0603CT_36N.s2p",
  "Sij": "S22",
  "Z0": 50.0,
  "train_points": 696,
  "test_points": 173,
  "baseline": {
    "model": "RLC series -> \u0393",
    "R": 100.0,
    "L": 1e-08,
    "C": 5e-12,
    "train_MSE": 0.7024364473070052,
    "test_MSE": 0.724258898939556
  },
  "ufrf_prior": {
    "R": 150.0,
    "L": 1.5000000000000002e-08,
    "C": 7.5e-12,
    "a": 0.2,
    "phi": 5.026548245743669,
    "train_MSE": 0.6054676888738204,
    "test_MSE": 0.6402103650571889,
    "improvement_percent": 11.604763711627033
  }
}