Model,MSE_complex
Baseline (test),0.29945145304835175
UFRF prior (test),0.23858242318234044
