{
  "input": "LQP15MN2N1W02_series.s2p",
  "Sij": "S11",
  "Z0": 50.0,
  "train_points": 320,
  "test_points": 81,
  "baseline": {
    "model": "RLC series -> \u0393",
    "R": 76.70588235294117,
    "L": 2.7400000000000005e-09,
    "C": 5e-12,
    "train_MSE": 0.29616091744037043,
    "test_MSE": 0.29945145304835175
  },
  "ufrf_prior": {
    "R": 71.22689075630252,
    "L": 2.9357142857142865e-09,
    "C": 7.5e-12,
    "a": 0.2,
    "phi": 3.141592653589793,
    "train_MSE": 0.23475765786565134,
    "test_MSE": 0.23858242318234044,
    "improvement_percent": 20.32684404980427
  }
}