{
  "input": "0603CT_16N.s2p",
  "Sij": "S21",
  "split": "block",
  "test_points": 179,
  "deg": 3,
  "ridge": 0.001,
  "n_cycles": 13,
  "gate": 0.02,
  "Z0": 50.0,
  "baseline_test_MSE": 0.44399723437864225,
  "ufrf_test_MSE": 0.44399723437864225,
  "improvement_percent": 0.0,
  "train_gain_used": 0.0044997375851610665,
  "used_ufrf": false,
  "tau_est": 1.3219549954953631e-10,
  "phi0_est": -0.010478498212640672
}