Model,MSE_complex
Baseline (test),0.33086183767619515
UFRF prior (test),0.3305434083250778
