{
  "input": "NFZ5BBW6R7LZ10_series.s2p",
  "Sij": "S11",
  "Z0": 50.0,
  "train_points": 321,
  "test_points": 80,
  "baseline": {
    "model": "RLC series -> \u0393",
    "R": 59.23529411764706,
    "L": 3.4000000000000007e-09,
    "C": 5.2e-13,
    "train_MSE": 0.3377207058487209,
    "test_MSE": 0.33086183767619515
  },
  "ufrf_prior": {
    "R": 63.46638655462184,
    "L": 2.185714285714286e-09,
    "C": 6.314285714285714e-13,
    "a": 0.04,
    "phi": 2.5132741228718345,
    "train_MSE": 0.3371589654696068,
    "test_MSE": 0.3305434083250778,
    "improvement_percent": 0.09624239330647855
  }
}