Model,MSE_complex
Baseline (test),0.01719649058043956
UFRF prior (test),0.016472445714602595
