Model,MSE_complex
Baseline (test),0.0025697054210152884
UFRF prior (test),0.0025557674069218344
